,price,kms_driven,owner,age,power,brand
0,35000,17654,First Owner,3,110,TVS
1,119900,11000,First Owner,4,350,Royal Enfield
2,600000,110,First Owner,8,675,Triumph
3,65000,16329,First Owner,4,180,TVS
4,80000,10000,First Owner,3,150,Yamaha
5,53499,25000,First Owner,6,150,Yamaha
6,85000,8200,First Owner,3,160,Honda
7,45000,12645,First Owner,3,100,Hero
8,145000,9190,First Owner,3,350,Royal Enfield
9,88000,19000,Second Owner,7,500,Royal Enfield
10,72000,20000,First Owner,7,150,Yamaha
11,95000,9665,First Owner,4,250,Yamaha
12,78000,9900,First Owner,4,200,Bajaj
13,29499,20000,First Owner,8,100,Bajaj
14,29900,20000,First Owner,7,125,Bajaj
15,90000,11574,First Owner,3,200,Bajaj
16,120000,23000,First Owner,3,200,Bajaj
17,48000,24725,First Owner,5,150,Suzuki
18,240000,15025,Second Owner,3,302,Benelli
22,46500,3500,First Owner,2,110,Hero
23,121700,24520,First Owner,5,500,Royal Enfield
24,45000,23000,First Owner,6,150,Yamaha
26,20000,29305,First Owner,16,125,Hero
27,20800,30500,Second Owner,7,125,Honda
28,50000,19000,First Owner,8,150,Bajaj
29,81200,9100,First Owner,2,160,Honda
30,88000,21914,First Owner,3,200,Bajaj
31,80000,20000,Second Owner,4,150,Yamaha
32,40900,15000,First Owner,6,220,Bajaj
33,180000,17700,First Owner,4,390,KTM
34,40000,30000,First Owner,8,150,Honda
35,70000,100000,Second Owner,8,200,KTM
36,98800,39000,First Owner,5,350,Royal Enfield
37,65000,43000,First Owner,6,150,Honda
38,190500,4550,First Owner,2,500,Royal Enfield
39,179000,3400,First Owner,2,200,KTM
40,70000,45000,First Owner,8,350,Royal Enfield
41,45000,36100,First Owner,6,220,Bajaj
42,78000,8500,First Owner,13,350,Royal Enfield
43,110000,2550,First Owner,2,220,Bajaj
44,85000,18000,First Owner,6,350,Royal Enfield
45,38000,35000,First Owner,9,200,Bajaj
46,55346,38000,First Owner,10,350,Royal Enfield
47,28000,45000,First Owner,2,110,Mahindra
48,37000,10800,First Owner,8,150,Hero
49,97000,4400,First Owner,3,150,Suzuki
50,40000,357000,First Owner,8,150,Yamaha
51,90000,15300,First Owner,7,350,Royal Enfield
52,60000,30000,First Owner,5,160,TVS
53,21900,30000,Second Owner,7,125,Honda
54,40000,64000,First Owner,7,220,Bajaj
55,475000,11500,Second Owner,3,600,Benelli
56,34500,17056,First Owner,5,110,Honda
57,25000,172082,First Owner,9,150,Yamaha
58,30200,45000,First Owner,7,150,Suzuki
59,65000,35000,First Owner,5,220,Bajaj
60,25000,38000,First Owner,9,150,Bajaj
61,935000,2500,First Owner,2,900,Kawasaki
62,107100,15438,Second Owner,3,350,Royal Enfield
63,80000,6000,First Owner,3,220,Bajaj
64,88000,19000,First Owner,5,350,Royal Enfield
65,94700,32700,First Owner,4,200,KTM
66,12200,46643,First Owner,14,100,Hero
67,106000,19000,First Owner,6,350,Royal Enfield
68,29500,40700,First Owner,12,220,Bajaj
69,290000,11350,First Owner,7,650,Kawasaki
70,110000,1600,First Owner,6,350,Royal Enfield
71,27000,44410,First Owner,10,125,Bajaj
72,65000,9800,First Owner,11,350,Royal Enfield
73,150000,15000,First Owner,3,350,Royal Enfield
74,55786,68000,Second Owner,7,223,Hero
75,45000,17757,First Owner,8,180,Bajaj
76,146000,3900,First Owner,2,250,Yamaha
77,115000,23700,First Owner,4,350,Royal Enfield
78,30000,8250,First Owner,3,100,Bajaj
79,93100,10000,First Owner,5,200,Bajaj
80,82000,4300,Second Owner,3,150,Yamaha
81,260000,3800,First Owner,2,650,Royal Enfield
82,38000,33000,First Owner,7,125,Honda
83,130000,17500,Second Owner,4,250,KTM
84,118000,19000,First Owner,4,410,Royal Enfield
85,14700,10000,First Owner,11,135,Bajaj
86,85000,54000,First Owner,6,350,Royal Enfield
87,40000,27000,First Owner,7,220,Bajaj
88,50000,19000,First Owner,6,150,Yamaha
89,71800,43500,First Owner,7,350,Royal Enfield
91,75000,11575,First Owner,4,200,Bajaj
92,1350000,190,First Owner,1,1100,Ducati
93,790000,19000,First Owner,3,765,Triumph
94,47000,8600,First Owner,4,150,Bajaj
95,60000,2000,First Owner,2,150,Bajaj
96,96700,5100,First Owner,1,150,Suzuki
97,31900,9000,First Owner,5,100,Hero
98,35000,44480,First Owner,13,150,Bajaj
99,240000,11000,First Owner,3,390,KTM
100,68000,16000,First Owner,7,250,Honda
101,80000,26691,First Owner,5,200,Bajaj
102,135000,45000,First Owner,5,350,Royal Enfield
103,11100,12000,Third Owner,12,150,Bajaj
104,480000,14200,First Owner,4,600,Benelli
105,65000,41000,First Owner,3,150,Suzuki
106,60000,15000,First Owner,5,150,Yamaha
107,80000,12314,First Owner,4,150,Honda
108,46000,11760,First Owner,3,100,Hero
109,95000,22000,First Owner,11,500,Royal Enfield
110,400000,1800,First Owner,4,650,Hyosung
111,55000,4400,First Owner,4,150,Bajaj
112,63000,16000,First Owner,5,150,Yamaha
113,51000,9000,First Owner,4,150,Bajaj
114,69900,8700,First Owner,3,160,TVS
115,125000,1342,First Owner,4,200,Bajaj
116,210000,21000,First Owner,6,300,Benelli
117,35900,19000,First Owner,5,125,Honda
118,67000,13000,First Owner,9,250,Honda
119,29339,12771,First Owner,4,100,Hero
120,19695,51576,First Owner,6,100,Hero
121,48672,608,First Owner,2,110,Hero
122,40000,13680,First Owner,9,150,Honda
123,500000,285,First Owner,5,600,Yamaha
124,800000,3,First Owner,3,1299,Ducati
125,110000,24676,First Owner,5,410,Royal Enfield
126,92500,11000,First Owner,6,350,Royal Enfield
127,57000,28948,First Owner,5,200,Bajaj
128,72500,10000,First Owner,10,350,Royal Enfield
129,68000,16000,First Owner,9,200,KTM
130,21500,10500,First Owner,5,125,TVS
131,40000,20000,First Owner,6,160,TVS
132,91000,18000,First Owner,5,350,Royal Enfield
133,300000,3500,First Owner,6,750,Harley-Davidson
134,47000,70000,First Owner,6,150,Suzuki
135,53000,18158,First Owner,6,150,Suzuki
136,51000,39140,First Owner,5,150,Suzuki
137,48000,27776,First Owner,8,220,Bajaj
138,55000,32734,First Owner,6,220,Bajaj
139,173300,14000,First Owner,2,410,Royal Enfield
140,77000,13000,First Owner,8,350,Royal Enfield
141,115000,5000,First Owner,2,200,Bajaj
142,36000,39500,First Owner,7,150,Bajaj
143,72000,29500,First Owner,4,220,Bajaj
144,115000,14900,First Owner,3,350,Royal Enfield
145,65000,2000,First Owner,3,125,Honda
146,99000,4000,First Owner,2,150,Honda
147,68500,68500,Second Owner,7,150,Yamaha
148,140000,2473,First Owner,2,150,Yamaha
149,130000,9221,First Owner,3,200,KTM
150,46000,37128,First Owner,7,200,Bajaj
151,30000,16166,First Owner,6,125,Hero
152,116000,11716,First Owner,3,400,Bajaj
153,130000,8419,First Owner,3,350,Royal Enfield
154,98000,13459,First Owner,5,350,Royal Enfield
155,85000,14704,First Owner,6,350,Royal Enfield
158,50000,9200,First Owner,4,150,Bajaj
159,100000,30294,First Owner,5,350,Royal Enfield
160,66000,19756,First Owner,8,350,Royal Enfield
165,80000,12000,First Owner,2,160,Honda
166,123600,7702,First Owner,3,350,Royal Enfield
167,950000,312,First Owner,3,1300,Suzuki
168,107000,17000,First Owner,4,350,Royal Enfield
169,600000,16000,First Owner,5,821,Ducati
170,80000,3500,First Owner,3,150,Yamaha
171,75000,11050,First Owner,4,150,Suzuki
172,43778,948,First Owner,2,125,Hero
173,118000,11200,Second Owner,5,200,KTM
174,68000,10407,First Owner,5,150,Yamaha
175,27000,23000,First Owner,8,125,Bajaj
176,48500,5500,First Owner,2,100,Hero
177,15000,38000,First Owner,15,223,Hero
178,95000,23000,First Owner,5,200,KTM
179,145000,4500,First Owner,4,200,KTM
180,62000,11227,First Owner,3,150,Yamaha
181,25000,45000,First Owner,9,100,Hero
182,700000,100,First Owner,6,1198,Ducati
183,160000,3500,First Owner,3,500,Royal Enfield
184,47500,30000,First Owner,5,220,Bajaj
185,21000,38000,First Owner,9,150,Yamaha
186,18000,22000,First Owner,12,125,Yamaha
187,36000,54560,First Owner,8,223,Hero
188,52000,33150,First Owner,6,150,Yamaha
189,435000,5550,Second Owner,7,883,Harley-Davidson
190,68000,12077,First Owner,5,200,TVS
191,80000,5000,First Owner,4,220,Bajaj
192,110800,13300,First Owner,6,500,Royal Enfield
193,85000,16000,First Owner,2,160,TVS
194,145000,4000,First Owner,2,350,Royal Enfield
195,145000,3000,First Owner,3,400,Bajaj
196,149000,7000,First Owner,3,350,Royal Enfield
197,60000,4000,First Owner,2,100,Hero
198,140000,11000,First Owner,4,350,Royal Enfield
199,85000,15000,First Owner,7,200,KTM
200,86000,15000,First Owner,3,220,Bajaj
201,115000,15500,First Owner,4,350,Royal Enfield
202,83000,500,First Owner,3,150,Suzuki
207,28000,35251,First Owner,12,180,Bajaj
208,14500,35000,First Owner,14,100,Hero
209,32000,22000,First Owner,5,110,Hero
210,62500,26000,First Owner,5,180,Bajaj
211,122500,10000,First Owner,3,150,Yamaha
212,24500,15000,First Owner,6,100,Bajaj
213,78500,26000,First Owner,4,200,TVS
214,102500,21000,First Owner,4,350,Royal Enfield
215,28000,28428,First Owner,9,110,TVS
216,130000,10149,First Owner,3,350,Royal Enfield
217,130000,7036,First Owner,3,350,Royal Enfield
218,115000,7593,First Owner,4,400,Bajaj
219,96000,17000,First Owner,6,200,KTM
220,29500,15798,First Owner,4,100,Bajaj
221,100000,4800,First Owner,4,150,Yamaha
222,177982,7000,First Owner,2,410,Royal Enfield
223,202000,11000,First Owner,2,410,Royal Enfield
225,113000,28000,Third Owner,6,200,KTM
226,45400,23000,Second Owner,5,220,Bajaj
227,105000,16000,First Owner,4,350,Royal Enfield
228,885000,300,First Owner,2,959,Ducati
229,30000,50000,First Owner,6,150,Yamaha
230,22000,22000,First Owner,6,100,Bajaj
231,115000,10000,First Owner,4,350,Royal Enfield
232,55000,3000,First Owner,4,150,Bajaj
233,20000,55000,First Owner,9,125,Bajaj
234,56000,16500,First Owner,4,110,Hero
235,28000,36000,First Owner,5,100,TVS
236,44000,7329,First Owner,3,125,Hero
237,190000,8780,First Owner,2,400,Bajaj
238,78000,20000,First Owner,8,350,Royal Enfield
239,18787,28164,First Owner,10,125,Honda
240,51500,20600,First Owner,6,200,Bajaj
241,54200,5700,First Owner,6,220,Bajaj
242,175000,11277,First Owner,3,500,Royal Enfield
243,48000,26000,First Owner,7,220,Bajaj
244,40000,4000,First Owner,5,110,Honda
245,102400,11600,First Owner,4,400,Bajaj
246,65000,8800,First Owner,3,150,Yamaha
247,170000,2100,First Owner,4,390,KTM
248,12999,65000,First Owner,13,150,Bajaj
249,87000,20000,First Owner,6,200,KTM
250,45600,18000,Second Owner,5,220,Bajaj
251,42000,58000,First Owner,7,180,Bajaj
252,47000,24445,First Owner,8,200,Bajaj
253,31000,34525,First Owner,7,100,Bajaj
254,72500,19000,First Owner,4,150,Suzuki
255,80999,4000,First Owner,3,150,Suzuki
256,85000,9148,First Owner,6,200,Bajaj
257,60000,16000,First Owner,5,160,TVS
258,148999,3694,First Owner,4,400,Bajaj
259,49000,7524,First Owner,5,150,Bajaj
260,30000,23000,First Owner,8,100,Hero
261,140000,12800,First Owner,6,200,KTM
262,237818,1440,First Owner,2,390,KTM
265,23600,22672,Second Owner,6,150,Yamaha
266,100000,25000,First Owner,8,500,Royal Enfield
267,160700,10000,First Owner,3,200,KTM
268,78000,34200,First Owner,6,350,Royal Enfield
269,45000,7000,First Owner,4,150,Bajaj
270,60000,3490,First Owner,9,350,Royal Enfield
271,150000,7500,First Owner,5,200,KTM
272,37000,13500,First Owner,5,150,Bajaj
273,125000,11000,First Owner,5,350,Royal Enfield
274,70000,56353,First Owner,5,200,Bajaj
275,40000,25000,First Owner,7,220,Bajaj
276,62000,1123,First Owner,2,125,Yamaha
277,280000,1500,First Owner,2,650,Royal Enfield
278,44000,15000,First Owner,4,150,Bajaj
279,85000,31000,First Owner,7,350,Royal Enfield
280,51000,28000,First Owner,5,220,Bajaj
281,75000,11460,First Owner,3,220,Bajaj
282,160000,23000,First Owner,5,390,KTM
283,106000,1175,First Owner,2,200,Bajaj
284,599999,7800,Third Owner,5,675,Triumph
285,85000,15000,First Owner,7,250,Honda
286,31500,28653,First Owner,8,100,Hero
287,150000,8000,Second Owner,6,250,Hyosung
288,210000,2100,First Owner,2,295,Jawa
289,50000,3300,First Owner,4,125,Bajaj
290,29300,19000,First Owner,6,100,Bajaj
291,35740,20400,First Owner,4,125,Bajaj
292,24500,25000,First Owner,10,150,Yamaha
293,45000,18000,First Owner,7,223,Hero
294,210000,12000,First Owner,4,390,KTM
298,71000,11000,First Owner,9,350,Royal Enfield
303,80400,5100,Second Owner,4,250,Yamaha
304,135000,2200,First Owner,4,350,Royal Enfield
305,350000,3100,First Owner,6,750,Harley-Davidson
306,57000,1500,First Owner,11,223,Hero
307,76000,3000,First Owner,2,200,Hero
308,42100,22560,First Owner,11,150,Bajaj
309,73000,16658,First Owner,6,150,Yamaha
310,366000,3135,First Owner,3,302,Benelli
311,61200,29000,Second Owner,3,160,Honda
312,82000,29860,First Owner,7,350,Royal Enfield
313,120000,12000,First Owner,5,350,Royal Enfield
315,80000,7000,First Owner,3,160,TVS
316,81800,3700,First Owner,2,150,Suzuki
317,45900,27000,First Owner,6,220,Bajaj
319,86200,9300,First Owner,4,200,Bajaj
320,40000,9000,First Owner,3,100,Hero
321,10000,21389,First Owner,12,150,Hero
322,155000,13500,First Owner,5,250,Hyosung
323,46000,24374,First Owner,6,200,Bajaj
324,215000,9600,First Owner,4,390,KTM
326,23000,37000,First Owner,7,110,Honda
327,55250,7781,Second Owner,3,220,Bajaj
328,58000,7758,First Owner,2,110,Hero
329,66000,8000,First Owner,3,150,Yamaha
330,55000,32000,First Owner,7,223,Hero
331,89730,12100,First Owner,9,500,Royal Enfield
332,108000,26811,First Owner,6,350,Royal Enfield
333,314100,13500,First Owner,3,320,Yamaha
334,125000,16500,First Owner,39,350,Royal Enfield
335,18800,10401,First Owner,8,100,Hero
336,417000,13000,Second Owner,5,750,Harley-Davidson
337,105000,20500,First Owner,4,400,Bajaj
338,20000,19211,First Owner,6,110,Honda
339,88000,22500,First Owner,10,350,Royal Enfield
340,47000,14009,First Owner,2,125,Bajaj
341,95000,11000,First Owner,2,220,Bajaj
342,108000,2982,First Owner,3,150,Yamaha
343,186100,12000,First Owner,3,390,KTM
344,81500,3000,First Owner,1,125,Honda
345,20000,30806,First Owner,5,100,Bajaj
346,15000,55000,Second Owner,13,150,Bajaj
347,39000,5000,First Owner,5,150,Bajaj
348,102500,29000,First Owner,5,350,Royal Enfield
349,87000,15000,First Owner,7,350,Royal Enfield
350,118000,14500,First Owner,3,400,Bajaj
351,131100,6200,First Owner,4,350,Royal Enfield
355,42000,19000,First Owner,5,160,Honda
356,45000,15000,First Owner,4,110,Honda
359,255000,2200,First Owner,3,310,BMW
360,78700,3710,First Owner,2,160,TVS
361,62800,38400,Second Owner,7,250,Honda
362,35000,18000,First Owner,6,150,Bajaj
363,33800,17000,First Owner,5,150,Bajaj
364,125000,21000,Third Owner,11,250,Kawasaki
365,146000,4700,First Owner,5,410,Royal Enfield
366,569400,3174,First Owner,6,899,Benelli
367,1900000,1700,First Owner,6,1800,Indian
368,600000,230,First Owner,1,650,Kawasaki
369,185000,3000,First Owner,2,200,KTM
370,32000,32000,First Owner,5,100,Hero
371,38000,21000,First Owner,4,125,Hero
372,35000,38717,First Owner,5,150,Bajaj
373,42000,1999,First Owner,3,150,Hero
374,9350,39822,Second Owner,13,150,TVS
375,330000,7500,First Owner,5,650,Kawasaki
376,36500,23000,First Owner,7,100,Hero
377,38000,17376,Second Owner,5,100,Hero
378,75000,33000,First Owner,8,350,Royal Enfield
381,230000,9500,First Owner,4,300,Benelli
382,31500,20000,First Owner,8,160,TVS
385,46000,35000,First Owner,16,350,Royal Enfield
386,109900,8600,First Owner,5,350,Royal Enfield
388,35000,18000,First Owner,5,150,Bajaj
389,65000,18000,First Owner,3,160,Bajaj
390,175000,1800,First Owner,2,295,Jawa
391,126000,23000,First Owner,4,350,Royal Enfield
392,25000,29000,First Owner,9,125,Honda
393,89000,5000,First Owner,2,150,Honda
394,160000,7500,First Owner,2,350,Royal Enfield
395,130000,15000,First Owner,2,200,Bajaj
396,33500,26000,Second Owner,12,125,Honda
397,128000,8000,First Owner,3,150,Yamaha
398,143000,7000,First Owner,3,350,Royal Enfield
399,31000,31464,Second Owner,9,135,Bajaj
400,72000,7419,First Owner,3,150,Suzuki
401,108500,10000,First Owner,2,200,TVS
402,74500,10000,First Owner,4,220,Bajaj
403,24000,6300,First Owner,4,100,Bajaj
404,80000,17000,First Owner,3,220,Bajaj
405,81000,22000,First Owner,3,220,Bajaj
406,115000,15000,Second Owner,5,350,Royal Enfield
419,56500,10000,First Owner,2,110,Hero
420,75000,16000,First Owner,4,220,Bajaj
421,72000,32542,First Owner,6,150,Yamaha
422,73000,7461,First Owner,4,150,Suzuki
423,69500,28000,First Owner,6,200,Bajaj
424,78500,9800,First Owner,3,160,TVS
425,87000,7000,First Owner,2,160,TVS
426,40000,16688,Second Owner,6,180,TVS
427,145000,16000,First Owner,5,300,Mahindra
428,265000,12900,First Owner,2,650,Royal Enfield
429,235000,7000,First Owner,4,300,Benelli
430,400000,3000,First Owner,6,750,Harley-Davidson
431,30000,11000,First Owner,13,110,Honda
432,140000,14000,First Owner,5,200,KTM
433,98000,17000,First Owner,3,250,Yamaha
434,74500,5432,Second Owner,6,350,Royal Enfield
435,75000,3419,First Owner,3,200,TVS
436,27500,25757,First Owner,8,125,Hero
437,10200,71474,First Owner,12,150,TVS
438,57000,17000,First Owner,5,150,Bajaj
439,21000,34688,First Owner,13,160,TVS
440,68500,8100,First Owner,3,160,Bajaj
441,174500,7900,First Owner,3,250,KTM
442,108000,20000,First Owner,5,350,Royal Enfield
448,50000,12000,First Owner,4,150,Suzuki
449,118000,12000,First Owner,7,535,Royal Enfield
451,33000,17525,First Owner,5,125,Hero
452,150000,9000,First Owner,4,200,KTM
453,70000,5000,First Owner,4,220,Bajaj
454,105000,13200,First Owner,6,350,Royal Enfield
455,135000,5000,First Owner,4,400,Bajaj
456,140000,7500,First Owner,4,400,Bajaj
457,26000,28000,First Owner,8,110,Hero
458,230000,1100,First Owner,4,390,KTM
459,53000,25000,First Owner,5,125,Honda
460,76000,7500,First Owner,4,150,Bajaj
461,135000,7000,First Owner,4,400,Bajaj
462,45000,10200,First Owner,4,125,Bajaj
463,60000,3500,First Owner,4,150,Bajaj
464,40000,15000,First Owner,4,110,Hero
465,133000,8000,First Owner,4,350,Royal Enfield
466,25000,33000,First Owner,7,100,Bajaj
467,99999,5500,First Owner,3,150,Suzuki
468,130000,14500,Second Owner,8,250,Honda
469,25000,40688,First Owner,5,100,Hero
470,75000,15000,First Owner,4,220,Bajaj
471,53000,10000,First Owner,5,180,Bajaj
472,25000,16801,First Owner,6,125,Suzuki
473,46500,21342,First Owner,5,150,Bajaj
474,18999,38669,Third Owner,6,110,Mahindra
475,17800,10000,First Owner,8,110,Mahindra
476,52000,17000,First Owner,4,180,Bajaj
477,70000,13500,First Owner,4,160,Honda
478,85000,7350,First Owner,5,150,Yamaha
479,150000,4000,First Owner,2,350,Royal Enfield
480,115000,27000,First Owner,5,350,Royal Enfield
481,93200,6500,First Owner,5,150,Honda
482,155000,21250,First Owner,5,390,KTM
483,78000,16000,First Owner,6,200,Bajaj
484,85000,12600,First Owner,7,350,Royal Enfield
485,43000,32000,First Owner,5,150,Bajaj
486,50390,45949,First Owner,4,160,TVS
487,128700,15900,Second Owner,5,500,Royal Enfield
488,510000,5600,First Owner,4,750,Harley-Davidson
489,65000,33000,First Owner,4,150,Yamaha
490,55000,2000,First Owner,9,150,Honda
491,126000,6518,First Owner,4,350,Royal Enfield
492,53300,10000,First Owner,2,100,Hero
493,76000,10000,First Owner,4,200,Bajaj
494,140000,10200,First Owner,4,400,Bajaj
495,13600,87267,First Owner,13,135,Bajaj
496,73000,2100,First Owner,3,180,TVS
497,17000,28130,Second Owner,8,125,Bajaj
498,29000,39000,First Owner,6,150,Bajaj
499,49000,7500,First Owner,5,150,Suzuki
500,371100,6300,Second Owner,5,750,Harley-Davidson
501,30000,7334,First Owner,7,100,Bajaj
502,70000,3400,First Owner,4,150,Bajaj
503,131000,9900,First Owner,4,350,Royal Enfield
504,65000,7000,First Owner,4,160,Bajaj
505,65000,2600,First Owner,2,100,Hero
506,96000,24000,First Owner,5,350,Royal Enfield
507,28500,30000,First Owner,7,150,Bajaj
508,62400,8100,First Owner,4,200,Bajaj
509,85000,34000,First Owner,9,350,Royal Enfield
510,66000,15000,First Owner,2,150,Bajaj
511,85000,7000,First Owner,2,160,TVS
512,18551,21832,First Owner,13,135,Bajaj
513,95000,13890,First Owner,3,200,TVS
514,130000,8500,First Owner,3,400,Bajaj
515,98000,7300,First Owner,7,350,Royal Enfield
516,53400,1500,First Owner,3,110,Honda
517,120000,8700,First Owner,5,200,Bajaj
518,58000,44580,First Owner,5,160,Honda
519,97000,10473,First Owner,3,150,Yamaha
520,38000,29451,First Owner,5,100,Bajaj
521,24500,14324,First Owner,6,125,Bajaj
522,129000,1123,First Owner,2,125,KTM
523,20000,28000,First Owner,9,150,Bajaj
524,123000,900,First Owner,4,350,Royal Enfield
525,62000,70000,First Owner,14,350,Royal Enfield
526,82000,14180,First Owner,7,150,Yamaha
527,24500,26453,First Owner,9,125,Honda
528,59300,9107,First Owner,3,150,Yamaha
529,41000,35000,First Owner,7,125,Hero
530,80000,6300,First Owner,3,150,Yamaha
531,93500,10100,Second Owner,7,500,Royal Enfield
540,43000,6336,First Owner,4,150,Bajaj
544,150000,4981,First Owner,6,390,KTM
545,22500,25431,First Owner,9,100,Bajaj
547,69000,15000,First Owner,3,180,Bajaj
549,75800,6500,First Owner,3,200,Bajaj
555,30000,22000,First Owner,9,110,TVS
556,225000,17300,First Owner,6,300,Benelli
557,355000,7400,First Owner,7,750,Harley-Davidson
558,58000,14000,First Owner,5,160,TVS
559,60000,10300,First Owner,5,150,Bajaj
560,75200,16000,First Owner,3,150,Suzuki
561,130000,6200,First Owner,4,350,Royal Enfield
562,26900,20000,First Owner,9,180,Bajaj
563,145000,15000,First Owner,4,200,KTM
564,154000,8000,First Owner,6,390,KTM
565,350000,5000,First Owner,5,750,Harley-Davidson
566,105000,20000,First Owner,6,350,Royal Enfield
567,260000,8500,First Owner,3,310,BMW
568,89900,20000,First Owner,6,350,Royal Enfield
569,25000,16000,First Owner,7,100,Hero
570,220000,12500,First Owner,3,390,KTM
571,150000,11500,First Owner,5,390,KTM
572,60000,21000,Second Owner,6,150,Honda
573,110000,37000,First Owner,7,500,Royal Enfield
574,42000,25868,First Owner,8,150,Honda
575,106000,4508,First Owner,4,150,Yamaha
576,34000,17501,First Owner,10,150,Bajaj
577,55000,25000,First Owner,5,160,Honda
578,526300,12000,First Owner,3,650,Kawasaki
579,41000,15800,First Owner,4,100,Bajaj
584,785000,2900,First Owner,4,1130,Benelli
585,22000,42554,First Owner,6,125,Honda
586,165147,12000,First Owner,4,390,KTM
587,90000,13140,First Owner,8,350,Royal Enfield
588,140000,9500,First Owner,5,200,KTM
589,16800,134200,First Owner,10,150,Honda
590,70000,11000,First Owner,7,350,Royal Enfield
591,58000,29451,First Owner,6,150,Suzuki
592,32000,21884,Second Owner,8,100,Hero
593,230000,16150,Second Owner,8,650,Hyosung
594,91800,1050,First Owner,2,160,TVS
595,119000,10544,First Owner,9,500,Royal Enfield
596,23000,30000,First Owner,7,100,Hero
597,210000,6013,First Owner,3,390,KTM
598,43000,17000,First Owner,5,150,Bajaj
599,45000,5800,First Owner,7,220,Bajaj
600,42000,6500,First Owner,5,100,Hero
601,440000,10800,First Owner,3,600,Benelli
602,72250,6282,First Owner,5,200,KTM
603,18200,40000,First Owner,9,125,Honda
608,395000,5000,First Owner,6,650,Hyosung
609,140000,2881,First Owner,7,250,Hyosung
610,700000,14200,First Owner,13,1000,Yamaha
611,72000,3490,First Owner,3,200,Hero
612,18000,39859,First Owner,11,150,Yamaha
613,1000000,4400,Second Owner,5,1200,Ducati
614,750000,9500,First Owner,4,1050,Triumph
615,29000,9000,First Owner,9,150,Honda
616,120000,11795,First Owner,5,350,Royal Enfield
617,1260000,17000,First Owner,4,1300,Suzuki
618,700000,172,First Owner,3,1130,Indian
619,35000,26000,First Owner,2,150,Bajaj
620,115000,14000,First Owner,4,350,Royal Enfield
621,25000,20000,First Owner,8,100,Hero
622,143500,5700,First Owner,3,350,Royal Enfield
623,118000,10000,First Owner,4,350,Royal Enfield
624,129500,6300,First Owner,3,350,Royal Enfield
625,138000,7253,First Owner,2,250,Yamaha
626,63000,19333,First Owner,4,220,Bajaj
627,200000,1255,First Owner,2,295,Jawa
628,77500,45,First Owner,3,150,Yamaha
629,99000,32158,First Owner,6,350,Royal Enfield
630,27000,29858,First Owner,4,100,Bajaj
631,44000,27000,First Owner,6,220,Bajaj
632,28000,70251,First Owner,13,150,Bajaj
633,22000,19000,First Owner,9,150,Yamaha
634,19000,23420,First Owner,10,100,Bajaj
635,126999,22000,First Owner,5,200,KTM
636,25000,41000,First Owner,8,100,TVS
637,90000,12500,First Owner,3,200,Bajaj
638,89000,800,First Owner,2,160,Honda
639,47000,13935,First Owner,5,150,Bajaj
640,119500,12000,First Owner,4,400,Bajaj
641,130000,20000,First Owner,3,350,Royal Enfield
642,62000,11500,First Owner,4,220,Bajaj
643,70000,7000,First Owner,3,180,Bajaj
644,31000,21447,First Owner,7,100,Bajaj
645,41500,15000,First Owner,3,100,Bajaj
646,52500,9000,First Owner,3,100,Hero
647,36000,2980,First Owner,6,160,TVS
648,40000,17600,First Owner,5,125,Honda
659,160000,5000,First Owner,6,250,Hyosung
660,470000,12000,First Owner,3,650,Kawasaki
664,89000,3000,First Owner,2,160,TVS
665,34000,26840,First Owner,9,150,Bajaj
666,112000,4000,First Owner,3,150,Yamaha
667,27000,35000,First Owner,7,150,Honda
668,25000,28000,First Owner,8,100,Hero
669,39100,16000,First Owner,6,150,Suzuki
670,58500,11500,Second Owner,5,220,Bajaj
671,126000,20556,First Owner,6,350,Royal Enfield
672,45000,40500,First Owner,5,150,Hero
673,48000,13000,First Owner,5,150,Bajaj
674,44800,30000,First Owner,5,150,Bajaj
675,20300,39450,First Owner,14,135,Bajaj
676,62000,18500,First Owner,5,150,Bajaj
677,45000,23695,First Owner,8,223,Hero
678,45000,33000,First Owner,5,150,Bajaj
679,16000,50000,First Owner,9,100,Hero
680,43300,21000,First Owner,8,150,Honda
681,135000,18100,First Owner,5,500,Royal Enfield
682,70000,9761,Second Owner,5,200,TVS
683,75700,14000,First Owner,5,223,Hero
684,110000,28500,First Owner,8,500,Royal Enfield
685,95000,11000,First Owner,6,200,Bajaj
686,28000,100000,First Owner,12,150,Yamaha
687,113000,13000,First Owner,5,350,Royal Enfield
688,40000,40600,First Owner,7,150,Honda
689,24000,52345,First Owner,7,110,Honda
690,101300,22500,First Owner,4,200,Bajaj
691,28000,33000,First Owner,8,125,Hero
692,57000,500,First Owner,4,150,Bajaj
693,89100,13800,Second Owner,4,200,Bajaj
694,108000,5000,First Owner,5,350,Royal Enfield
695,93000,7500,First Owner,3,200,TVS
696,54000,8000,First Owner,5,150,Bajaj
697,119000,1403,First Owner,4,350,Royal Enfield
698,21100,30000,First Owner,16,100,Hero
699,75000,5399,First Owner,4,220,Bajaj
700,22000,40000,First Owner,13,135,Bajaj
701,79999,10922,First Owner,4,200,Bajaj
702,85000,6000,First Owner,4,150,Suzuki
703,52200,4500,First Owner,4,150,Suzuki
704,48000,27098,First Owner,5,150,Bajaj
705,120000,14164,First Owner,6,350,Royal Enfield
706,120000,16562,First Owner,4,350,Royal Enfield
707,29500,21017,First Owner,9,100,Hero
708,51300,2800,First Owner,2,100,Hero
709,35242,3000,First Owner,5,100,Hero
710,65000,20000,First Owner,7,220,Bajaj
711,110000,26000,First Owner,6,200,KTM
712,70000,25000,First Owner,5,200,Bajaj
713,68000,5800,First Owner,4,220,Bajaj
714,30000,26000,First Owner,8,110,Hero
715,30000,8000,First Owner,5,100,TVS
716,108000,9700,First Owner,4,250,Yamaha
717,150000,3300,First Owner,4,400,Bajaj
718,174600,9200,First Owner,4,500,Royal Enfield
719,33000,44020,First Owner,7,150,Honda
720,91500,7000,First Owner,6,200,Bajaj
721,94500,10000,First Owner,6,200,Bajaj
722,80000,17000,First Owner,6,200,Bajaj
723,90000,12000,First Owner,3,150,Suzuki
724,26900,31000,First Owner,8,125,Bajaj
725,72378,21496,First Owner,9,350,Royal Enfield
726,110000,9000,First Owner,4,350,Royal Enfield
727,17500,52018,First Owner,7,100,Bajaj
728,308000,16000,First Owner,3,320,Yamaha
729,150800,7000,First Owner,3,400,Bajaj
730,55000,15558,First Owner,4,150,Bajaj
731,110000,5700,First Owner,6,200,Bajaj
732,120000,28000,First Owner,7,500,Royal Enfield
733,199999,6550,First Owner,3,310,TVS
734,58000,35000,Second Owner,6,150,Yamaha
735,32000,28329,First Owner,6,110,Hero
736,31500,26000,First Owner,7,150,Bajaj
737,21000,40000,First Owner,9,150,Bajaj
738,20000,22500,First Owner,12,100,Hero
739,52000,3840,First Owner,3,125,Honda
740,90000,2684,First Owner,3,200,TVS
741,154900,7050,First Owner,3,350,Royal Enfield
742,125000,33000,First Owner,4,350,Royal Enfield
743,95000,24500,First Owner,3,150,Yamaha
744,51900,25000,First Owner,4,150,Bajaj
745,40000,34400,First Owner,5,160,TVS
746,130000,25000,First Owner,3,400,Bajaj
747,60000,30000,First Owner,9,150,Honda
748,133600,3000,First Owner,5,350,Royal Enfield
749,28000,36000,First Owner,11,125,Honda
750,20600,30000,First Owner,9,100,Hero
751,112000,25000,First Owner,6,350,Royal Enfield
752,55000,20000,First Owner,6,160,TVS
753,40000,14168,First Owner,5,110,Honda
754,21000,50000,First Owner,10,150,Hero
755,84000,3200,First Owner,4,150,Suzuki
756,160000,10500,First Owner,5,390,KTM
757,74700,20194,First Owner,2,160,TVS
758,48600,20559,First Owner,4,150,Yamaha
759,39300,53000,First Owner,5,160,Honda
760,26900,53000,First Owner,9,150,Suzuki
761,100000,48000,First Owner,12,500,Royal Enfield
762,85000,13000,First Owner,4,250,Yamaha
763,30000,46700,First Owner,10,150,Hero
764,61000,10000,First Owner,4,150,Yamaha
765,69825,28261,First Owner,4,150,Yamaha
766,85000,23399,Third Owner,6,350,Royal Enfield
767,20000,38576,First Owner,11,135,Bajaj
768,23500,22000,First Owner,10,150,Hero
769,60000,40997,First Owner,6,150,Suzuki
770,75000,39000,First Owner,5,150,Yamaha
777,68900,16980,Second Owner,4,150,Yamaha
778,59999,35958,First Owner,5,200,TVS
779,65000,15000,First Owner,3,150,Yamaha
780,183000,11439,First Owner,7,250,Hyosung
781,66400,12500,First Owner,5,180,TVS
782,31500,56423,First Owner,8,125,Honda
783,130000,11200,First Owner,3,350,Royal Enfield
784,100000,11760,First Owner,4,200,Bajaj
785,26500,22000,First Owner,10,160,TVS
786,23000,24121,First Owner,10,100,Hero
787,66000,1112,First Owner,2,200,Hero
788,75000,13000,First Owner,6,150,Yamaha
789,170000,4600,First Owner,2,200,KTM
790,45000,22000,First Owner,6,150,Bajaj
791,36500,9000,First Owner,3,110,Honda
792,40200,43000,First Owner,7,160,TVS
793,16000,22141,First Owner,7,150,Bajaj
794,19784,89748,First Owner,13,135,Bajaj
795,110900,4200,First Owner,3,150,Yamaha
796,135000,9000,First Owner,3,350,Royal Enfield
797,72500,9500,First Owner,4,160,Honda
798,33000,14000,First Owner,4,100,Bajaj
799,94300,13000,First Owner,6,200,Bajaj
800,22000,35000,First Owner,11,220,Bajaj
801,110000,23500,First Owner,4,150,Honda
802,118000,25000,First Owner,7,200,KTM
803,14800,39525,First Owner,11,100,Bajaj
804,133700,2000,First Owner,3,350,Royal Enfield
805,23000,25000,Second Owner,6,125,Hero
806,20000,20000,First Owner,10,200,Bajaj
807,115000,25000,First Owner,6,350,Royal Enfield
808,18500,20000,First Owner,9,125,Bajaj
809,170000,4000,First Owner,3,400,Bajaj
810,114000,7500,First Owner,4,350,Royal Enfield
811,36000,9500,First Owner,5,110,Hero
812,98000,26000,First Owner,5,350,Royal Enfield
813,50000,17000,First Owner,5,150,Bajaj
839,117000,14640,First Owner,5,350,Royal Enfield
840,26000,12340,First Owner,5,100,TVS
841,87500,13000,First Owner,6,350,Royal Enfield
842,82000,17252,First Owner,5,200,Bajaj
843,45000,12699,First Owner,5,125,Hero
844,20400,87000,First Owner,11,150,Bajaj
845,355100,1710,First Owner,4,300,Kawasaki
846,310000,6000,First Owner,2,300,Kawasaki
847,120000,5100,First Owner,6,350,Royal Enfield
848,52000,15583,First Owner,4,125,Honda
849,67000,26000,First Owner,3,150,Bajaj
850,180000,200,First Owner,2,410,Royal Enfield
851,22000,28938,First Owner,9,100,Hero
852,20000,18438,First Owner,9,110,Honda
853,195000,6000,First Owner,2,400,Bajaj
854,101900,18000,First Owner,5,350,Royal Enfield
855,108000,27000,First Owner,6,350,Royal Enfield
860,45000,17000,First Owner,5,160,Honda
861,90000,12000,First Owner,8,500,Royal Enfield
862,150000,21000,First Owner,6,390,KTM
864,45000,13400,First Owner,4,150,Hero
865,35000,30000,Second Owner,5,150,Yamaha
867,78000,14500,First Owner,3,200,TVS
868,21700,28000,First Owner,8,125,Bajaj
869,21800,28000,First Owner,8,150,Bajaj
870,65500,12000,First Owner,8,150,Honda
871,175000,2382,First Owner,2,350,Royal Enfield
872,95000,27800,First Owner,6,200,KTM
873,89025,5800,First Owner,6,150,Yamaha
874,140000,5103,First Owner,5,500,Royal Enfield
875,145000,2476,First Owner,2,125,KTM
879,63647,6750,First Owner,5,150,Bajaj
880,90000,31000,First Owner,6,200,KTM
881,89000,6500,First Owner,8,350,Royal Enfield
882,44000,2525,First Owner,4,150,Bajaj
883,82000,37654,Second Owner,9,500,Royal Enfield
884,386000,22000,First Owner,4,750,Harley-Davidson
885,19000,25000,First Owner,10,150,Hero
886,52000,7845,First Owner,5,150,Bajaj
887,115204,9000,First Owner,4,250,Yamaha
888,147000,15000,First Owner,6,390,KTM
889,85000,2500,First Owner,2,150,Bajaj
890,33000,50000,First Owner,9,125,Bajaj
891,18600,49660,First Owner,12,100,Hero
892,20000,18000,First Owner,10,100,Bajaj
898,48000,51000,First Owner,4,160,Bajaj
905,101500,3000,First Owner,8,350,Royal Enfield
906,61400,33000,First Owner,9,150,Yamaha
916,140000,5200,First Owner,4,500,Royal Enfield
917,27800,20000,First Owner,10,150,Yamaha
918,175000,7976,First Owner,2,250,KTM
919,110000,17000,First Owner,5,350,Royal Enfield
920,380000,6500,First Owner,6,750,Harley-Davidson
921,53200,28100,First Owner,7,200,Bajaj
922,65000,21000,First Owner,8,250,Honda
923,69600,20500,First Owner,3,220,Bajaj
924,72000,50000,First Owner,4,220,Bajaj
935,175000,8000,First Owner,3,300,Mahindra
936,35000,22000,First Owner,8,100,Hero
937,22900,12000,First Owner,5,100,TVS
939,19000,48568,First Owner,14,125,Yamaha
940,213300,9900,First Owner,4,390,KTM
941,115700,15000,Second Owner,4,350,Royal Enfield
942,45000,4894,First Owner,5,110,Hero
943,200000,12000,First Owner,3,390,KTM
944,210000,4500,First Owner,3,390,KTM
945,78000,29000,First Owner,6,150,Yamaha
946,115000,35000,First Owner,5,300,Mahindra
947,60000,15252,First Owner,6,150,Honda
950,41000,19500,Second Owner,4,150,Bajaj
951,35000,41016,First Owner,9,180,Bajaj
952,65000,15112,First Owner,5,220,Bajaj
953,110000,12300,First Owner,5,200,Bajaj
954,110000,46026,First Owner,6,350,Royal Enfield
955,27000,101250,Third Owner,14,223,Hero
956,26000,25000,First Owner,7,110,Honda
957,30100,15823,First Owner,5,100,Hero
958,10669,49000,First Owner,15,100,Hero
959,23500,26000,First Owner,13,100,Hero
960,37000,18110,First Owner,6,125,Honda
961,90000,39000,First Owner,6,200,Bajaj
962,155000,1650,First Owner,2,350,Royal Enfield
963,41300,49000,Second Owner,7,200,Bajaj
964,43000,28454,Second Owner,4,160,TVS
965,25300,17000,First Owner,8,150,Hero
966,65000,7200,First Owner,3,160,Bajaj
967,121700,18000,First Owner,5,200,Bajaj
968,18000,25000,First Owner,9,100,Bajaj
969,24300,29000,First Owner,11,223,Hero
970,18000,50000,First Owner,17,100,Bajaj
971,42000,15327,First Owner,5,150,Bajaj
972,105000,10468,First Owner,2,250,Yamaha
973,60000,37000,First Owner,7,150,Yamaha
974,99999,55,Second Owner,15,350,Royal Enfield
975,50000,8191,First Owner,4,100,Hero
976,40000,40000,First Owner,6,150,Hero
977,20500,30000,First Owner,9,100,Bajaj
978,31000,16278,First Owner,5,110,Hero
979,19000,98581,First Owner,9,150,Bajaj
980,19000,16206,First Owner,9,125,Bajaj
981,45000,27000,First Owner,9,200,Bajaj
982,137000,3297,First Owner,4,400,Bajaj
983,114000,12000,First Owner,4,400,Bajaj
984,30000,23000,First Owner,6,100,Hero
985,25000,16954,First Owner,6,100,Bajaj
986,34000,8048,First Owner,3,100,TVS
987,115000,1954,First Owner,3,150,Yamaha
988,21000,23039,First Owner,9,100,Hero
989,30000,15059,First Owner,3,100,Bajaj
990,105000,21000,First Owner,6,350,Royal Enfield
991,102000,9700,First Owner,7,500,Royal Enfield
992,90000,8000,First Owner,7,350,Royal Enfield
993,30500,22422,First Owner,9,125,Honda
994,30000,61743,First Owner,8,110,Honda
995,60000,4900,First Owner,4,150,Bajaj
996,80000,21700,First Owner,5,200,Bajaj
997,87550,15000,Second Owner,5,500,Royal Enfield
998,400000,2400,First Owner,5,650,Hyosung
999,35000,7830,First Owner,4,110,Hero
1000,55000,3500,First Owner,5,220,Bajaj
1001,180000,9500,First Owner,3,500,Royal Enfield
1002,175000,16786,First Owner,3,500,Royal Enfield
1003,155000,5192,First Owner,4,500,Royal Enfield
1004,42000,30000,First Owner,4,150,Bajaj
1005,92200,39000,First Owner,5,350,Royal Enfield
1006,148000,7300,First Owner,2,350,Royal Enfield
1007,22918,79685,First Owner,5,110,TVS
1008,15000,12800,First Owner,12,150,Bajaj
1009,110000,14000,Second Owner,4,400,Bajaj
1010,160000,5800,First Owner,3,350,Royal Enfield
1011,40000,14500,First Owner,5,150,Bajaj
1012,23000,6957,First Owner,13,100,Hero
1013,33000,42816,First Owner,6,150,Yamaha
1014,45000,30000,First Owner,5,150,Bajaj
1015,13500,55239,First Owner,12,180,Bajaj
1016,61000,16000,Third Owner,9,200,KTM
1017,24000,10000,First Owner,5,100,TVS
1018,25000,21539,First Owner,4,100,TVS
1019,25600,25000,First Owner,7,125,Honda
1020,70000,34000,First Owner,7,150,Honda
1021,699000,7200,First Owner,7,1000,Suzuki
1022,63000,19443,First Owner,5,150,Bajaj
1023,155000,12000,First Owner,2,350,Royal Enfield
1024,123100,18000,First Owner,4,400,Bajaj
1025,120000,11850,First Owner,5,200,KTM
1026,115600,16000,First Owner,3,150,Yamaha
1027,165000,18348,First Owner,3,350,Royal Enfield
1028,40000,14836,First Owner,8,150,Yamaha
1029,135000,17000,First Owner,3,400,Bajaj
1030,178000,100,First Owner,1,125,KTM
1031,90000,16500,First Owner,6,200,Bajaj
1032,21000,9500,First Owner,10,150,Hero
1033,11000,21311,First Owner,18,100,Bajaj
1034,88000,20000,First Owner,5,200,Bajaj
1037,245500,27000,First Owner,5,300,Benelli
1038,57000,16056,First Owner,4,160,TVS
1039,155000,5862,First Owner,2,250,Suzuki
1040,1000000,1470,First Owner,4,1200,Harley-Davidson
1041,55000,8351,First Owner,2,110,Honda
1042,59000,10800,First Owner,5,220,Bajaj
1043,32000,28000,First Owner,9,150,Yamaha
1044,46000,7400,First Owner,3,125,Honda
1045,35273,3100,First Owner,8,150,Yamaha
1046,22100,24000,Second Owner,7,100,Hero
1047,38000,22200,First Owner,5,150,Bajaj
1048,37000,18377,First Owner,7,110,Hero
1049,31000,16257,First Owner,5,110,Suzuki
1050,60000,24581,First Owner,4,150,Yamaha
1051,65800,9200,First Owner,5,150,Bajaj
1052,60000,30000,First Owner,4,160,Honda
1054,85000,10000,First Owner,3,200,Bajaj
1055,75000,3400,First Owner,4,200,Bajaj
1056,68000,14544,First Owner,3,220,Bajaj
1057,86700,28154,First Owner,4,350,Royal Enfield
1058,80000,13000,First Owner,4,250,Yamaha
1059,32600,13330,First Owner,4,100,Hero
1060,100000,20000,First Owner,4,250,Yamaha
1061,110000,30000,First Owner,6,350,Royal Enfield
1062,60000,17423,First Owner,4,150,Honda
1063,30000,21358,First Owner,5,100,Hero
1064,57473,42000,First Owner,10,250,Honda
1065,16000,46589,First Owner,11,135,Bajaj
1066,32000,18779,First Owner,6,125,Hero
1067,99000,17047,First Owner,5,350,Royal Enfield
1068,34500,80000,Second Owner,10,150,Hero
1069,22000,12257,First Owner,5,100,TVS
1070,35500,17500,Second Owner,5,150,Bajaj
1071,35000,15621,First Owner,4,125,Bajaj
1072,35000,22000,Second Owner,8,220,Bajaj
1073,35000,19000,Second Owner,6,150,Yamaha
1074,42000,32567,First Owner,5,100,Hero
1078,33000,18000,First Owner,4,110,TVS
1079,47000,33846,First Owner,5,160,TVS
1080,41000,15478,First Owner,6,150,Suzuki
1081,36000,28554,First Owner,4,125,Bajaj
1095,55000,73845,First Owner,6,150,Bajaj
1096,32000,23105,First Owner,4,100,Hero
1097,93500,2500,First Owner,2,200,TVS
1098,35000,34000,First Owner,6,125,Hero
1100,38700,22540,First Owner,5,150,Bajaj
1101,63000,19854,First Owner,4,150,Yamaha
1102,67000,21483,First Owner,3,200,TVS
1103,125000,32000,First Owner,7,350,Royal Enfield
1104,118000,12000,First Owner,5,350,Royal Enfield
1105,70000,10741,First Owner,4,160,Honda
1106,80000,15009,First Owner,3,220,Bajaj
1108,29000,19851,First Owner,4,110,Hero
1109,52000,30000,First Owner,5,180,Bajaj
1110,33085,35000,First Owner,8,220,Bajaj
1112,29515,27281,First Owner,5,160,Honda
1113,119000,23000,First Owner,4,400,Bajaj
1114,93000,6000,First Owner,9,500,Royal Enfield
1115,45000,21205,First Owner,6,160,TVS
1116,104000,3311,First Owner,6,350,Royal Enfield
1117,55000,30578,First Owner,6,150,Yamaha
1118,180000,9868,First Owner,5,390,KTM
1119,18000,13550,First Owner,8,125,Bajaj
1120,35000,30154,First Owner,10,220,Bajaj
1121,65000,22840,First Owner,11,350,Royal Enfield
1122,60000,5500,First Owner,4,125,Honda
1123,152000,8000,First Owner,3,500,Royal Enfield
1124,125000,8554,First Owner,5,500,Royal Enfield
1125,26000,75000,First Owner,9,125,Bajaj
1126,130000,1300,First Owner,1,200,TVS
1128,24999,29500,Second Owner,9,100,Bajaj
1129,79000,12966,First Owner,3,200,Bajaj
1130,35000,14500,First Owner,12,150,Bajaj
1131,35000,37000,First Owner,8,110,Mahindra
1132,98000,749,First Owner,1,160,TVS
1133,99999,7921,First Owner,6,350,Royal Enfield
1134,75000,40000,Second Owner,6,200,Bajaj
1137,15200,36000,Second Owner,12,100,Hero
1138,42000,44400,First Owner,8,220,Bajaj
1144,58000,7500,First Owner,4,125,Honda
1147,108000,1914,First Owner,3,125,KTM
1148,37000,39500,First Owner,5,150,Bajaj
1149,111300,8000,First Owner,2,125,KTM
1150,72300,16800,First Owner,4,150,Yamaha
1151,21000,16681,First Owner,10,100,Hero
1152,68000,21400,First Owner,4,200,TVS
1153,60000,35641,First Owner,5,220,Bajaj
1154,38000,46333,First Owner,5,125,Bajaj
1155,38000,41736,First Owner,7,220,Bajaj
1156,80000,32000,First Owner,6,200,Bajaj
1157,270000,12872,First Owner,2,310,BMW
1158,85700,5000,First Owner,7,350,Royal Enfield
1159,98000,48000,First Owner,6,500,Royal Enfield
1160,41000,29324,First Owner,7,200,Bajaj
1161,70926,17772,First Owner,3,150,Suzuki
1165,155000,2200,First Owner,2,200,KTM
1166,20300,26000,First Owner,7,100,Bajaj
1167,180000,8000,First Owner,6,350,Royal Enfield
1168,54000,3700,First Owner,2,110,Honda
1169,75000,20000,First Owner,9,350,Royal Enfield
1170,35000,7285,First Owner,3,110,Bajaj
1171,200000,4400,First Owner,2,310,TVS
1172,17500,38554,First Owner,10,100,Hero
1173,168000,10000,First Owner,2,200,KTM
1174,140000,17931,First Owner,3,350,Royal Enfield
1175,136000,2719,First Owner,3,350,Royal Enfield
1176,135000,14878,First Owner,3,350,Royal Enfield
1177,130000,16500,First Owner,3,350,Royal Enfield
1178,115000,7850,First Owner,4,350,Royal Enfield
1179,60000,15000,First Owner,4,150,Suzuki
1183,125000,4500,First Owner,3,350,Royal Enfield
1184,142000,9500,First Owner,3,400,Bajaj
1185,65000,40000,First Owner,4,180,TVS
1186,26000,12000,First Owner,10,100,Bajaj
1187,38000,23500,First Owner,8,100,Hero
1188,93000,9772,First Owner,3,200,TVS
1190,85000,5000,First Owner,3,200,TVS
1197,85000,15000,Second Owner,4,250,Yamaha
1198,120000,19500,First Owner,7,500,Royal Enfield
1201,120000,35000,First Owner,5,200,Bajaj
1202,62000,21000,First Owner,5,150,Yamaha
1203,150000,1800,First Owner,2,350,Royal Enfield
1207,360000,2200,First Owner,7,750,Harley-Davidson
1210,58000,15000,First Owner,8,150,Yamaha
1211,170000,3000,First Owner,6,250,Hyosung
1214,32000,34169,First Owner,7,150,Yamaha
1215,42000,19877,First Owner,5,180,TVS
1216,30000,16920,First Owner,5,150,Bajaj
1217,80000,30000,First Owner,7,150,Yamaha
1219,25500,10000,First Owner,30,100,Hero
1220,119000,15064,First Owner,5,410,Royal Enfield
1224,28000,50000,First Owner,7,180,TVS
1225,119000,11976,Third Owner,6,500,Royal Enfield
1226,151000,1500,First Owner,3,350,Royal Enfield
1227,47000,21000,First Owner,9,350,Royal Enfield
1228,115000,26000,First Owner,6,350,Royal Enfield
1231,44000,6200,First Owner,3,100,Hero
1232,23000,16898,First Owner,9,100,Hero
1233,35000,37000,First Owner,6,110,Hero
1235,36000,19000,First Owner,4,100,Hero
1236,28000,18184,First Owner,8,100,Bajaj
1237,52600,8000,First Owner,2,110,Honda
1238,40100,26134,First Owner,5,180,Bajaj
1239,56000,40772,First Owner,5,180,Bajaj
1240,121600,9000,First Owner,6,350,Royal Enfield
1241,20010,24578,First Owner,13,150,Hero
1242,40000,34000,First Owner,11,150,Yamaha
1243,115000,38500,First Owner,5,390,KTM
1247,35000,16432,First Owner,3,100,Hero
1248,36000,13240,First Owner,9,150,Bajaj
1249,75700,80000,First Owner,14,350,Royal Enfield
1251,250000,920,First Owner,2,650,Royal Enfield
1252,27000,12580,First Owner,6,125,Hero
1254,46500,12432,First Owner,3,100,Hero
1255,145200,11200,First Owner,5,250,Benelli
1256,13500,30000,First Owner,12,100,Hero
1257,16000,67614,First Owner,10,125,Suzuki
1258,71300,40000,First Owner,7,350,Royal Enfield
1259,90000,32000,First Owner,4,150,Yamaha
1260,35600,41932,First Owner,5,150,Bajaj
1261,24000,35456,First Owner,10,150,Yamaha
1262,15000,60000,First Owner,15,100,Hero
1263,116100,8000,First Owner,4,350,Royal Enfield
1264,35000,23599,First Owner,6,160,TVS
1265,150000,900,First Owner,4,500,Royal Enfield
1266,110000,7800,First Owner,5,350,Royal Enfield
1267,88000,24263,First Owner,5,150,Yamaha
1268,22500,37000,First Owner,5,100,Hero
1269,25000,15500,Second Owner,7,125,Honda
1270,60000,16969,First Owner,17,350,Royal Enfield
1271,62000,11000,Second Owner,17,350,Royal Enfield
1272,210000,4000,First Owner,6,300,Kawasaki
1273,90000,23500,First Owner,4,150,Honda
1274,108000,5000,First Owner,6,200,KTM
1275,17500,21037,First Owner,11,100,Bajaj
1276,200000,6400,Second Owner,5,300,Benelli
1277,146400,10300,First Owner,5,250,Benelli
1278,130000,6600,First Owner,18,350,Royal Enfield
1279,67000,12500,First Owner,4,200,TVS
1280,10600,107000,First Owner,16,100,Bajaj
1281,110000,24271,First Owner,4,350,Royal Enfield
1282,35000,35000,Second Owner,5,150,Bajaj
1283,20500,31542,First Owner,12,150,Honda
1284,133300,11000,First Owner,5,350,Royal Enfield
1285,64000,4455,First Owner,4,200,TVS
1286,48000,14751,First Owner,4,125,Honda
1287,350000,2500,First Owner,5,650,Hyosung
1288,43000,16000,First Owner,3,110,Honda
1289,99700,21000,First Owner,3,150,Yamaha
1290,94300,30860,First Owner,7,350,Royal Enfield
1291,135000,3000,First Owner,2,150,Yamaha
1292,14800,35000,Third Owner,10,150,Hero
1293,129200,2476,First Owner,5,350,Royal Enfield
1294,62000,5100,First Owner,5,160,TVS
1295,102100,3884,First Owner,3,350,Royal Enfield
1296,75000,13000,First Owner,3,150,Yamaha
1297,16800,30000,First Owner,12,100,Hero
1298,21000,24000,Second Owner,19,100,Hero
1299,130000,14000,First Owner,6,500,Royal Enfield
1300,42000,29000,First Owner,6,180,Bajaj
1301,22800,85000,First Owner,8,150,Yamaha
1302,27000,40000,First Owner,9,150,Hero
1303,33000,18148,First Owner,5,150,Bajaj
1304,63000,1639,First Owner,4,160,TVS
1305,78000,6200,First Owner,3,200,TVS
1306,11500,72300,First Owner,14,150,Bajaj
1307,185000,21000,First Owner,5,250,Hyosung
1308,145000,3000,First Owner,3,150,Yamaha
1309,50000,18500,First Owner,9,220,Bajaj
1310,45000,1942,First Owner,4,100,Hero
1311,80000,30000,First Owner,5,350,Royal Enfield
1312,65000,4400,First Owner,5,150,Bajaj
1313,180000,167,First Owner,2,390,KTM
1314,22000,97401,First Owner,9,100,Hero
1318,125000,530,First Owner,2,200,TVS
1319,750000,10000,First Owner,6,800,Triumph
1320,550000,6500,First Owner,4,650,Kawasaki
1321,1500000,7000,First Owner,4,1262,Ducati
1325,37000,4069,First Owner,4,110,TVS
1334,100000,66000,First Owner,23,110,TVS
1335,26500,25036,First Owner,6,125,Honda
1336,42000,22000,First Owner,7,150,Bajaj
1337,210000,5000,First Owner,2,390,KTM
1338,23000,31085,Second Owner,8,150,Yamaha
1339,380000,15000,First Owner,6,600,Benelli
1340,39000,9923,First Owner,2,125,Bajaj
1347,56000,7078,First Owner,3,150,Suzuki
1348,266600,2467,First Owner,2,300,Kawasaki
1351,35000,21000,First Owner,8,125,Honda
1354,45000,14399,First Owner,4,100,Hero
1355,115000,12500,First Owner,3,350,Royal Enfield
1356,23500,15000,Second Owner,6,110,Honda
1357,105000,28000,First Owner,6,200,Bajaj
1360,18000,53800,First Owner,14,135,Bajaj
1361,115000,23000,First Owner,6,350,Royal Enfield
1362,700000,176,First Owner,5,1700,Triumph
1364,21000,11000,First Owner,10,110,Honda
1365,172000,8000,First Owner,2,500,Royal Enfield
1366,57100,39000,First Owner,10,250,Honda
1367,108000,2500,First Owner,4,150,Yamaha
1368,740000,2800,First Owner,2,750,Suzuki
1369,25000,35000,Second Owner,12,125,TVS
1370,95100,8047,First Owner,5,350,Royal Enfield
1371,267600,21200,First Owner,5,300,Benelli
1374,75000,29318,First Owner,7,350,Royal Enfield
1375,1300000,9500,First Owner,4,800,Triumph
1376,23000,15367,First Owner,12,100,Hero
1377,96000,20032,First Owner,5,350,Royal Enfield
1378,75000,17000,Second Owner,13,350,Royal Enfield
1379,40000,28673,First Owner,4,110,TVS
1380,130000,3300,Second Owner,3,150,Yamaha
1381,52000,26000,Second Owner,6,200,Bajaj
1382,5800,25000,First Owner,13,125,TVS
1383,85000,21820,First Owner,6,350,Royal Enfield
1384,6890,68917,First Owner,16,150,Bajaj
1385,9500,42014,First Owner,14,125,Bajaj
1386,570350,1470,First Owner,4,1200,Harley-Davidson
1387,41300,29900,First Owner,6,150,Bajaj
1389,40000,18000,First Owner,8,150,Yamaha
1390,105000,14000,Second Owner,6,350,Royal Enfield
1391,65000,38558,First Owner,5,160,Honda
1392,140000,7000,First Owner,4,350,Royal Enfield
1393,62000,7000,First Owner,3,180,Bajaj
1394,52000,22915,First Owner,3,100,Hero
1395,42000,17962,First Owner,4,100,Hero
1396,265000,11000,First Owner,2,650,Royal Enfield
1397,24500,17768,First Owner,6,100,Hero
1400,139900,2900,First Owner,4,200,Bajaj
1401,67000,6266,First Owner,2,150,Bajaj
1402,71000,10653,First Owner,3,220,Bajaj
1403,770000,4750,First Owner,2,650,Honda
1404,105000,36000,First Owner,6,350,Royal Enfield
1405,18000,52400,First Owner,15,100,Bajaj
1406,45000,717,First Owner,3,100,Hero
1407,99000,8000,First Owner,3,250,Yamaha
1408,37000,12500,First Owner,6,150,Yamaha
1409,58000,42000,Second Owner,4,150,Bajaj
1410,82000,3500,First Owner,7,150,Yamaha
1413,30900,18000,First Owner,8,100,Hero
1419,75000,50000,First Owner,7,350,Royal Enfield
1427,175000,2388,First Owner,2,295,Jawa
1428,62240,3706,First Owner,7,200,KTM
1429,650000,1000,First Owner,2,600,Benelli
1430,19500,35000,First Owner,11,100,Hero
1431,157500,3600,First Owner,5,410,Royal Enfield
1432,110000,16500,First Owner,5,350,Royal Enfield
1433,115000,8000,First Owner,4,350,Royal Enfield
1434,64999,30000,First Owner,9,200,KTM
1442,18000,35408,Second Owner,14,160,TVS
1449,45000,34000,Second Owner,7,223,Hero
1450,180000,4081,First Owner,3,310,TVS
1451,95000,2500,First Owner,4,200,TVS
1452,175000,3400,First Owner,4,500,Royal Enfield
1453,30000,20208,First Owner,6,100,Hero
1454,55000,21000,First Owner,5,160,Honda
1455,42000,14500,First Owner,7,150,Yamaha
1456,38500,21500,First Owner,6,150,Yamaha
1458,200000,6300,First Owner,3,500,Royal Enfield
1460,57500,15000,First Owner,4,180,Bajaj
1461,47500,15000,First Owner,7,220,Bajaj
1462,35500,15000,First Owner,9,150,Yamaha
1463,35000,58464,First Owner,7,150,Bajaj
1464,48000,8000,First Owner,3,100,Hero
1465,24500,54867,First Owner,9,110,Honda
1466,25000,84644,First Owner,10,125,Bajaj
1467,45900,12700,First Owner,7,200,Bajaj
1468,50000,50000,First Owner,7,150,Yamaha
1469,120000,20000,First Owner,5,350,Royal Enfield
1470,55000,18255,First Owner,5,150,Bajaj
1471,32000,21455,First Owner,9,150,Honda
1472,76000,26724,First Owner,4,220,Bajaj
1473,115000,29500,First Owner,4,400,Bajaj
1474,16500,26850,First Owner,12,150,Bajaj
1475,72000,17800,First Owner,4,150,Yamaha
1476,58000,33000,First Owner,6,220,Bajaj
1477,104000,5618,First Owner,1,200,Hero
1478,83000,14208,First Owner,4,150,Yamaha
1479,115000,6900,First Owner,3,150,Yamaha
1480,23000,23560,First Owner,9,100,Bajaj
1481,150000,17500,First Owner,4,250,KTM
1482,49000,28800,First Owner,8,200,Bajaj
1483,52000,13000,First Owner,3,100,Hero
1484,45000,10700,First Owner,4,100,Hero
1485,26000,26000,First Owner,6,110,TVS
1486,28000,22000,First Owner,6,100,Hero
1487,42000,11898,First Owner,5,135,Bajaj
1488,195000,5000,First Owner,2,250,KTM
1489,20000,35000,First Owner,9,125,Bajaj
1490,40000,9550,First Owner,4,100,Hero
1491,115000,10000,First Owner,3,350,Royal Enfield
1493,85000,25000,First Owner,6,350,Royal Enfield
1494,92000,21000,Second Owner,6,350,Royal Enfield
1495,125000,14000,First Owner,4,350,Royal Enfield
1496,105000,500,First Owner,2,200,Bajaj
1497,42000,29000,First Owner,7,100,Hero
1498,30000,26000,First Owner,8,125,Bajaj
1499,52099,13500,First Owner,4,125,Honda
1500,32000,5937,First Owner,11,180,Bajaj
1501,45000,17300,First Owner,3,100,Hero
1502,18000,42000,First Owner,12,100,Hero
1503,56000,56000,First Owner,5,220,Bajaj
1504,152000,40,First Owner,2,125,KTM
1512,130000,15000,Second Owner,6,535,Royal Enfield
1513,58000,24000,First Owner,5,220,Bajaj
1514,76000,8000,First Owner,2,160,TVS
1515,60000,2400,First Owner,3,180,TVS
1516,9500,60000,First Owner,17,100,Hero
1517,68000,20000,Second Owner,9,200,KTM
1518,35000,1400,First Owner,4,110,Mahindra
1519,75000,500,Second Owner,41,175,Rajdoot
1520,82400,52000,First Owner,8,350,Royal Enfield
1522,65000,10500,First Owner,5,150,Bajaj
1523,57800,3000,First Owner,3,150,Suzuki
1528,138900,280,First Owner,3,200,Bajaj
1529,110000,14000,First Owner,8,500,Royal Enfield
1530,204600,5000,First Owner,6,300,Kawasaki
1531,95000,12233,First Owner,6,500,Royal Enfield
1532,700000,173,First Owner,3,1130,Indian
1533,320000,12000,Second Owner,7,650,Kawasaki
1534,300000,383,First Owner,3,650,Kawasaki
1535,13100,47000,First Owner,13,125,Hero
1536,36500,21000,First Owner,6,180,Bajaj
1537,30000,71188,First Owner,7,150,Honda
1538,30500,22500,Second Owner,8,150,Yamaha
1539,72000,4000,First Owner,3,220,Bajaj
1540,82000,12000,First Owner,9,500,Royal Enfield
1541,82000,27000,First Owner,10,350,Royal Enfield
1542,37000,37000,First Owner,6,100,Hero
1543,110000,9463,First Owner,4,250,Yamaha
1544,75500,10000,First Owner,3,150,Yamaha
1545,23600,30100,First Owner,9,150,Yamaha
1546,142000,6800,First Owner,3,350,Royal Enfield
1547,75000,33000,First Owner,9,350,Royal Enfield
1548,13500,48021,First Owner,16,125,Bajaj
1549,85000,4300,First Owner,4,160,Honda
1550,35000,15689,First Owner,4,100,Hero
1551,49000,10000,First Owner,7,150,Honda
1552,97400,9700,First Owner,2,200,Hero
1553,80000,10500,First Owner,6,200,Bajaj
1554,25000,34500,First Owner,8,100,Bajaj
1555,105000,2109,First Owner,6,500,Royal Enfield
1556,42000,18000,First Owner,5,150,Bajaj
1557,493500,7500,First Owner,4,650,Hyosung
1558,113000,16000,First Owner,7,390,KTM
1559,18000,17000,First Owner,14,135,Bajaj
1560,51600,9000,First Owner,11,350,Royal Enfield
1569,91400,4500,First Owner,4,200,TVS
1570,22000,30000,First Owner,9,125,Honda
1571,90000,14000,Second Owner,7,350,Royal Enfield
1572,134100,10000,First Owner,5,350,Royal Enfield
1573,150000,4000,First Owner,5,200,KTM
1574,25500,65365,First Owner,15,125,Bajaj
1575,18500,21500,First Owner,12,135,Bajaj
1576,98900,22000,First Owner,6,200,Bajaj
1577,45600,37000,First Owner,8,150,Honda
1578,25600,22000,First Owner,11,223,Hero
1579,140000,17000,First Owner,6,500,Royal Enfield
1580,222800,7500,First Owner,4,390,KTM
1581,84200,24000,First Owner,9,350,Royal Enfield
1582,30000,96000,First Owner,8,150,Yamaha
1583,60000,14500,First Owner,5,150,Bajaj
1584,70600,23000,First Owner,5,150,Bajaj
1585,39900,29000,First Owner,5,110,Honda
1586,100000,18500,First Owner,6,350,Royal Enfield
1587,140000,6900,First Owner,4,400,Bajaj
1588,150000,12000,First Owner,6,390,KTM
1589,69600,14900,First Owner,4,220,Bajaj
1590,85000,8000,First Owner,4,220,Bajaj
1591,35000,19980,First Owner,7,100,Hero
1592,42990,31000,First Owner,6,150,Bajaj
1593,115000,18000,First Owner,6,350,Royal Enfield
1594,89600,40000,First Owner,9,350,Royal Enfield
1595,428600,9000,First Owner,6,750,Harley-Davidson
1596,142000,9500,First Owner,3,350,Royal Enfield
1597,122200,13000,First Owner,4,200,Bajaj
1598,138000,22000,First Owner,6,200,KTM
1599,103000,35000,First Owner,6,350,Royal Enfield
1600,25000,40000,First Owner,8,135,Bajaj
1601,80000,9500,First Owner,9,350,Royal Enfield
1602,135000,6151,First Owner,4,350,Royal Enfield
1603,32600,46000,First Owner,6,110,Honda
1604,92600,5300,First Owner,4,200,TVS
1605,17200,37250,First Owner,17,100,Hero
1606,127100,8000,First Owner,4,350,Royal Enfield
1607,120000,20783,First Owner,6,350,Royal Enfield
1608,21000,22000,First Owner,12,100,Hero
1609,86700,45000,First Owner,7,350,Royal Enfield
1610,60000,7600,First Owner,6,220,Bajaj
1611,70000,9000,First Owner,4,150,Bajaj
1612,99000,9000,First Owner,6,200,Bajaj
1613,56800,5500,First Owner,6,150,Bajaj
1614,260000,4400,First Owner,5,250,Hyosung
1616,23000,30000,Second Owner,10,100,Hero
1617,60000,72000,First Owner,8,223,Hero
1618,65000,8500,First Owner,5,150,Yamaha
1619,450000,6000,First Owner,5,750,Harley-Davidson
1625,100000,15000,First Owner,5,150,Honda
1626,135000,9800,Second Owner,6,500,Royal Enfield
1627,36000,12388,First Owner,4,100,Hero
1628,51100,23500,First Owner,7,220,Bajaj
1629,85000,5000,First Owner,4,150,Yamaha
1630,52000,70000,First Owner,6,160,Honda
1631,68000,39028,First Owner,10,250,Honda
1634,80000,7456,First Owner,3,180,Bajaj
1635,31200,20000,First Owner,5,100,Hero
1636,67700,15000,First Owner,4,220,Bajaj
1639,135000,7000,First Owner,3,350,Royal Enfield
1641,44600,21000,First Owner,4,150,Bajaj
1642,95000,39000,First Owner,7,350,Royal Enfield
1643,77600,4730,First Owner,4,160,Honda
1644,42700,440,First Owner,4,150,Bajaj
1645,20000,20000,Second Owner,8,110,Mahindra
1646,105000,28655,First Owner,8,500,Royal Enfield
1659,70000,48500,First Owner,11,350,Royal Enfield
1660,32000,20500,First Owner,8,220,Bajaj
1661,127000,6700,Second Owner,3,200,KTM
1663,80000,1000,First Owner,5,200,TVS
1664,150000,9000,Second Owner,4,390,KTM
1665,111500,29299,First Owner,4,350,Royal Enfield
1666,105900,17000,First Owner,4,150,Yamaha
1667,85000,39000,First Owner,8,350,Royal Enfield
1668,200000,10550,First Owner,4,310,TVS
1669,100000,10500,First Owner,5,150,Yamaha
1670,81000,44000,First Owner,8,350,Royal Enfield
1671,79300,8561,First Owner,9,350,Royal Enfield
1672,66000,6000,First Owner,10,220,Bajaj
1673,32000,31385,First Owner,5,100,Hero
1674,25000,29538,First Owner,8,100,Hero
1675,95000,5300,First Owner,2,150,Suzuki
1676,86000,15465,First Owner,3,250,Yamaha
1677,16400,35000,First Owner,12,100,Hero
1678,122000,3100,First Owner,2,200,TVS
1679,106200,19696,First Owner,5,200,KTM
1680,110000,9600,First Owner,5,350,Royal Enfield
1681,135000,3800,First Owner,2,350,Royal Enfield
1682,110000,27000,First Owner,7,200,KTM
1683,133000,5600,First Owner,4,350,Royal Enfield
1684,110000,8000,First Owner,6,200,KTM
1685,90000,14783,First Owner,12,350,Royal Enfield
1686,130000,14000,First Owner,5,390,KTM
1687,20000,39500,First Owner,8,100,Bajaj
1688,23000,14000,First Owner,10,100,Hero
1689,65000,6348,First Owner,4,160,Bajaj
1690,48000,20000,Second Owner,5,180,TVS
1691,190000,6000,First Owner,3,250,Honda
1692,130000,1143,Second Owner,2,250,Yamaha
1693,74000,19000,First Owner,3,150,Yamaha
1694,38000,23000,First Owner,9,150,Bajaj
1695,25000,46000,First Owner,9,110,Hero
1696,95000,8700,First Owner,4,200,Bajaj
1697,55000,18500,Second Owner,5,150,Suzuki
1698,125000,37000,First Owner,11,500,Royal Enfield
1699,80000,9964,First Owner,5,150,Yamaha
1700,56600,32000,First Owner,8,150,Yamaha
1702,60000,8121,First Owner,4,160,TVS
1703,39799,14500,First Owner,3,100,Hero
1704,23484,19525,First Owner,4,100,Bajaj
1705,88000,18000,Second Owner,9,350,Royal Enfield
1706,75000,35000,First Owner,7,200,KTM
1707,83000,30000,First Owner,7,200,KTM
1708,400000,19000,First Owner,9,883,Harley-Davidson
1709,30000,30544,First Owner,11,125,Honda
1710,46200,44000,First Owner,6,220,Bajaj
1711,90000,8200,First Owner,4,200,Bajaj
1712,224000,3900,First Owner,2,310,TVS
1713,56500,19300,First Owner,4,150,Bajaj
1714,15800,15939,First Owner,13,100,Hero
1715,57000,32802,Second Owner,10,250,Honda
1716,144700,770,First Owner,2,350,Royal Enfield
1717,37000,32262,First Owner,8,200,Bajaj
1718,22500,22500,First Owner,6,100,Bajaj
1719,48000,21000,First Owner,7,220,Bajaj
1720,105000,6000,First Owner,3,300,Mahindra
1721,100000,15500,First Owner,8,500,Royal Enfield
1722,20000,74000,First Owner,9,110,Honda
1723,24600,20000,First Owner,5,100,Hero
1724,100000,1300,First Owner,3,150,Yamaha
1725,89000,29301,First Owner,7,200,KTM
1726,71400,3086,First Owner,3,150,Yamaha
1727,90000,29436,First Owner,7,500,Royal Enfield
1728,33000,27000,First Owner,6,150,Bajaj
1729,58000,5100,First Owner,3,150,Bajaj
1730,22000,23043,First Owner,6,100,Bajaj
1731,14500,17604,First Owner,12,100,Hero
1732,42000,26434,First Owner,5,100,Hero
1733,480000,1450,First Owner,4,750,Harley-Davidson
1734,127800,4000,First Owner,4,200,KTM
1735,39000,27000,First Owner,5,125,Honda
1736,47000,39428,First Owner,7,150,Honda
1737,160000,5000,First Owner,3,350,Royal Enfield
1738,42000,40000,Second Owner,6,200,Bajaj
1739,21000,34000,First Owner,10,150,Hero
1740,27000,20000,First Owner,10,100,Hero
1741,98500,2800,First Owner,2,200,TVS
1742,36000,7580,First Owner,4,110,TVS
1743,111100,8197,First Owner,5,200,KTM
1744,37300,16000,First Owner,5,150,Bajaj
1745,110000,16689,First Owner,5,350,Royal Enfield
1746,27100,29000,First Owner,8,110,Hero
1747,120000,8000,First Owner,2,200,Bajaj
1748,60000,8000,First Owner,3,125,Hero
1749,145000,5000,First Owner,2,350,Royal Enfield
1750,35000,8000,First Owner,5,110,TVS
1752,125000,8000,First Owner,3,350,Royal Enfield
1753,25100,32800,First Owner,7,100,Hero
1754,133100,2954,Second Owner,4,535,Royal Enfield
1755,480300,10800,First Owner,5,650,Kawasaki
1756,110000,950,First Owner,8,500,Royal Enfield
1757,55000,24000,First Owner,4,150,Yamaha
1758,26000,18412,First Owner,11,150,Bajaj
1759,38000,78000,First Owner,6,180,Bajaj
1760,172000,3800,First Owner,2,350,Royal Enfield
1761,36600,57000,First Owner,8,150,Honda
1762,89135,2800,First Owner,2,160,TVS
1763,75000,1307,First Owner,3,160,Honda
1764,60000,21719,First Owner,4,160,Honda
1765,71000,46000,First Owner,8,200,KTM
1766,35000,33000,First Owner,8,160,TVS
1767,60000,12332,Second Owner,6,150,Yamaha
1768,57000,23000,First Owner,4,150,Yamaha
1769,55000,3600,First Owner,5,150,Yamaha
1770,47000,18227,First Owner,6,150,Yamaha
1771,43000,25000,First Owner,3,110,Bajaj
1772,42000,30000,First Owner,5,150,Bajaj
1773,35000,18000,First Owner,5,100,Hero
1774,25000,86283,Third Owner,10,150,Bajaj
1775,25000,23564,First Owner,11,100,Bajaj
1776,18000,69758,Second Owner,11,100,Hero
1777,38000,10850,First Owner,4,135,Bajaj
1778,128000,6506,First Owner,2,150,Yamaha
1779,90000,16000,First Owner,4,150,Yamaha
1780,79000,8000,First Owner,3,150,Yamaha
1781,25000,11892,First Owner,9,100,Hero
1782,70000,29500,First Owner,10,350,Royal Enfield
1783,62000,19137,First Owner,6,150,Bajaj
1784,100000,59000,First Owner,7,350,Royal Enfield
1785,29500,45000,Second Owner,10,223,Hero
1786,55000,5000,First Owner,5,150,Bajaj
1787,42630,9900,First Owner,3,100,Hero
1788,22345,87383,First Owner,9,150,Bajaj
1789,45000,7125,First Owner,4,135,Bajaj
1790,460000,2607,First Owner,5,750,Harley-Davidson
1791,22000,19262,First Owner,9,150,Bajaj
1792,30500,19999,First Owner,6,125,Honda
1793,35600,11314,First Owner,4,110,Honda
1794,14000,25398,Third Owner,13,135,Bajaj
1796,166000,250,First Owner,2,410,Royal Enfield
1797,24000,19744,First Owner,5,100,TVS
1798,27000,16500,First Owner,8,125,Hero
1799,68000,10386,First Owner,4,220,Bajaj
1800,81000,6000,First Owner,3,160,Honda
1801,90000,12300,First Owner,6,500,Royal Enfield
1802,88000,900,First Owner,2,180,TVS
1803,78000,5112,First Owner,3,160,TVS
1804,125000,13800,First Owner,3,350,Royal Enfield
1805,110000,16000,First Owner,5,350,Royal Enfield
1806,28000,23371,First Owner,12,100,Hero
1807,61000,1700,First Owner,4,150,Bajaj
1808,53000,7021,First Owner,4,150,Hero
1809,26000,12000,First Owner,5,100,Bajaj
1810,74000,4800,First Owner,3,150,Suzuki
1811,42000,22819,First Owner,3,125,Honda
1812,21000,58000,First Owner,10,100,Hero
1813,14800,23000,First Owner,10,100,Bajaj
1814,31500,28725,First Owner,4,110,TVS
1815,80000,12000,First Owner,3,200,Hero
1816,47000,55326,First Owner,5,160,TVS
1817,95000,1408,First Owner,3,150,Suzuki
1818,39000,2564,First Owner,2,100,Bajaj
1819,39000,12193,First Owner,2,100,Bajaj
1820,35000,30000,First Owner,10,150,Honda
1821,15300,26000,First Owner,9,100,Bajaj
1822,29000,18000,First Owner,5,100,Hero
1823,37500,20904,First Owner,6,100,Hero
1826,170000,2800,First Owner,2,250,KTM
1827,65000,8000,First Owner,4,200,TVS
1828,16600,35000,First Owner,12,100,Hero
1851,13700,26000,Second Owner,13,100,Hero
1852,65000,25205,First Owner,5,150,Yamaha
1853,125100,7000,First Owner,2,150,Yamaha
1854,26000,24801,First Owner,11,125,Honda
1855,59999,27000,Second Owner,5,220,Bajaj
1856,22000,51516,First Owner,13,180,Bajaj
1857,47000,83000,First Owner,6,150,Honda
1858,32000,23936,First Owner,10,100,Hero
1859,140000,11000,First Owner,6,390,KTM
1860,43000,45000,First Owner,6,150,Bajaj
1861,90000,27500,First Owner,6,200,Bajaj
1862,90000,24000,First Owner,9,350,Royal Enfield
1863,65000,10000,Second Owner,3,160,TVS
1864,64600,21200,First Owner,4,200,TVS
1865,47000,42000,Second Owner,7,220,Bajaj
1866,340000,2500,First Owner,4,650,Hyosung
1867,790000,2500,First Owner,3,900,Triumph
1868,22000,45000,First Owner,10,100,Hero
1869,22000,33000,Second Owner,10,150,Yamaha
1870,63700,18000,First Owner,4,150,Suzuki
1871,28000,22608,First Owner,11,100,Hero
1872,30000,105500,First Owner,8,110,Honda
1873,30000,23199,First Owner,5,125,Honda
1874,140000,800,First Owner,3,400,Bajaj
1875,25000,40000,First Owner,12,100,Hero
1876,48000,27192,First Owner,5,150,Bajaj
1877,90000,6700,First Owner,4,200,Bajaj
1878,96750,3084,First Owner,3,400,Bajaj
1888,32000,19808,First Owner,3,100,Bajaj
1889,31000,27451,First Owner,5,150,Bajaj
1890,30000,16884,First Owner,4,100,Bajaj
1891,30000,11131,First Owner,4,100,Bajaj
1892,30000,23697,First Owner,7,100,Bajaj
1893,38000,12692,First Owner,2,100,Bajaj
1894,38000,11047,First Owner,3,100,Bajaj
1895,23000,15000,First Owner,11,100,Hero
1896,35000,29451,Second Owner,6,110,Mahindra
1897,40000,7788,First Owner,3,100,Hero
1898,109000,25600,First Owner,6,350,Royal Enfield
1899,108000,7299,First Owner,5,350,Royal Enfield
1900,105000,12822,First Owner,4,350,Royal Enfield
1901,90000,8765,First Owner,8,500,Royal Enfield
1902,24500,36451,First Owner,9,125,Bajaj
1903,20000,37473,First Owner,9,100,Bajaj
1904,31500,22845,First Owner,8,100,Hero
1905,66000,26421,First Owner,3,180,TVS
1906,62000,13200,First Owner,4,160,TVS
1907,62000,23226,First Owner,3,160,TVS
1916,177300,19000,First Owner,4,390,KTM
1917,159700,17346,First Owner,4,500,Royal Enfield
1918,115400,11400,First Owner,4,350,Royal Enfield
1919,42000,17028,First Owner,7,220,Bajaj
1920,190000,3600,First Owner,3,500,Royal Enfield
1921,39000,40000,First Owner,8,180,TVS
1922,28000,20473,First Owner,10,125,Honda
1923,42000,22000,First Owner,10,150,Honda
1925,30000,17300,Second Owner,8,150,Honda
1926,65000,16664,First Owner,7,150,Honda
1927,860000,2100,First Owner,3,765,Triumph
1928,315000,7000,First Owner,4,300,Benelli
1929,68000,32644,First Owner,3,160,TVS
1931,270000,6500,First Owner,2,650,Royal Enfield
1932,14000,48000,First Owner,12,150,Bajaj
1933,70000,8000,First Owner,5,150,Bajaj
1934,128000,40000,Second Owner,6,350,Royal Enfield
1935,130000,20000,First Owner,7,390,KTM
1936,380700,6000,First Owner,7,750,Harley-Davidson
1937,90000,11760,First Owner,4,200,Bajaj
1938,60000,11217,First Owner,9,150,Yamaha
1939,109000,6200,First Owner,4,350,Royal Enfield
1940,148000,3000,First Owner,3,350,Royal Enfield
1941,50000,3400,First Owner,3,100,Hero
1942,102850,3198,First Owner,5,500,Royal Enfield
1943,34850,38527,First Owner,7,150,Honda
1944,90000,16000,First Owner,3,220,Bajaj
1945,88000,6600,First Owner,2,200,Hero
1946,220000,6700,First Owner,4,390,KTM
1947,50000,65718,First Owner,4,110,Hero
1948,70000,8418,First Owner,4,150,Yamaha
1949,140000,3300,First Owner,4,200,Bajaj
1950,35000,32994,First Owner,10,220,Bajaj
1951,65000,14000,First Owner,3,150,Bajaj
1952,130000,20000,First Owner,4,350,Royal Enfield
1953,180500,5100,First Owner,7,250,Hyosung
1954,18000,28000,First Owner,9,125,Honda
1955,164100,8000,First Owner,2,500,Royal Enfield
1956,85000,15929,First Owner,3,160,TVS
1957,54000,5600,First Owner,4,150,Yamaha
1958,28000,7758,First Owner,5,100,Bajaj
1959,28300,35000,Second Owner,7,150,Yamaha
1960,23500,18000,First Owner,7,135,Bajaj
1961,30000,13250,Second Owner,8,150,Yamaha
1962,94200,43500,First Owner,13,500,Royal Enfield
1963,110000,13000,First Owner,4,400,Bajaj
1964,83000,7400,First Owner,4,200,TVS
1974,23300,12580,Second Owner,11,150,Yamaha
1976,250000,1400,Second Owner,27,350,Royal Enfield
1977,100000,27300,First Owner,3,150,Yamaha
1979,15600,20000,First Owner,10,100,Hero
1980,92000,12447,First Owner,6,350,Royal Enfield
1981,70440,41036,First Owner,6,500,Royal Enfield
1982,50000,12000,First Owner,3,100,Hero
1983,160000,6218,First Owner,3,250,KTM
1984,140000,15000,First Owner,4,250,KTM
1992,108600,8600,First Owner,4,150,Yamaha
1995,110000,33500,First Owner,8,500,Royal Enfield
1999,27000,55000,First Owner,8,125,Hero
2000,52000,1210,First Owner,3,150,Bajaj
2001,26000,28658,First Owner,7,100,Hero
2002,123000,8000,First Owner,4,350,Royal Enfield
2003,135000,3300,First Owner,4,350,Royal Enfield
2021,228800,8500,First Owner,3,390,KTM
2022,100000,7000,First Owner,5,350,Royal Enfield
2023,90000,34000,First Owner,7,250,Honda
2025,70000,31000,First Owner,5,220,Bajaj
2026,71299,32000,First Owner,9,350,Royal Enfield
2027,98000,9855,First Owner,5,350,Royal Enfield
2028,50000,19400,First Owner,10,350,Royal Enfield
2029,58000,12728,First Owner,5,150,Honda
2030,75000,22500,First Owner,5,150,Honda
2031,65000,17000,First Owner,4,200,TVS
2032,32000,77000,First Owner,9,150,Bajaj
2033,72500,5000,First Owner,4,150,Bajaj
2034,85000,5600,First Owner,3,200,TVS
2035,46500,6500,First Owner,5,160,Honda
2036,20000,21570,First Owner,6,100,TVS
2037,600000,183,First Owner,5,1000,Yamaha
2038,115000,9100,First Owner,4,350,Royal Enfield
2039,102600,21000,First Owner,5,500,Royal Enfield
2040,63618,16000,Second Owner,7,350,Royal Enfield
2041,160000,4200,First Owner,3,350,Royal Enfield
2046,230000,10000,First Owner,4,390,KTM
2047,136000,20200,First Owner,5,350,Royal Enfield
2048,16000,36500,First Owner,13,180,Bajaj
2049,130000,13000,First Owner,3,350,Royal Enfield
2050,130000,50000,First Owner,5,500,Royal Enfield
2056,215000,6000,First Owner,4,390,KTM
2057,40000,42000,First Owner,8,220,Bajaj
2058,16088,25000,First Owner,12,150,Hero
2060,44400,21000,First Owner,5,150,Bajaj
2061,56950,27000,First Owner,4,150,Yamaha
2062,60000,18700,First Owner,5,220,Bajaj
2063,101000,12800,First Owner,8,500,Royal Enfield
2064,160000,13000,First Owner,4,200,KTM
2065,21000,52342,First Owner,13,125,Bajaj
2066,110000,36000,First Owner,4,400,Bajaj
2067,25000,27116,First Owner,11,100,Hero
2068,45000,9500,First Owner,4,150,Hero
2069,70000,31767,First Owner,4,220,Bajaj
2070,185000,2845,First Owner,3,310,TVS
2071,58416,13982,First Owner,3,160,Bajaj
2072,47000,49000,First Owner,5,150,Suzuki
2073,25000,21000,First Owner,5,100,Bajaj
2074,181200,5000,First Owner,2,500,Royal Enfield
2077,560000,2592,First Owner,2,750,Harley-Davidson
2079,54800,75000,First Owner,7,150,Yamaha
2084,20400,8000,First Owner,14,223,Hero
2085,210000,5100,First Owner,2,390,KTM
2086,158400,2100,First Owner,4,500,Royal Enfield
2087,23000,38790,First Owner,7,100,Hero
2088,23000,4130,First Owner,5,100,Hero
2089,18000,30000,First Owner,10,100,Hero
2090,83000,26000,First Owner,6,200,Bajaj
2091,140000,16800,First Owner,3,500,Royal Enfield
2115,49500,15000,Second Owner,5,220,Bajaj
2116,38000,14000,First Owner,4,110,Hero
2118,120000,12000,First Owner,6,200,KTM
2119,95000,26000,Second Owner,9,350,Royal Enfield
2120,37000,12000,First Owner,4,125,Hero
2122,865000,11000,First Owner,3,1200,Harley-Davidson
2123,145000,3000,First Owner,3,350,Royal Enfield
2124,148000,4000,First Owner,3,350,Royal Enfield
2125,145000,4900,First Owner,3,350,Royal Enfield
2126,670000,1210,First Owner,5,883,Harley-Davidson
2127,453700,3500,First Owner,8,883,Harley-Davidson
2128,599999,800,First Owner,5,883,Harley-Davidson
2129,70000,9500,First Owner,5,150,Yamaha
2130,46000,28700,Second Owner,6,150,Yamaha
2131,38000,13170,First Owner,3,100,Bajaj
2132,45000,45000,First Owner,6,150,Suzuki
2133,25000,26000,Second Owner,12,150,Yamaha
2134,187000,14800,First Owner,3,310,TVS
2135,185000,14870,First Owner,3,310,TVS
2136,35000,33172,First Owner,8,100,Hero
2137,57000,6518,First Owner,2,110,Honda
2138,123000,5319,First Owner,3,200,Bajaj
2139,20400,26000,First Owner,8,100,Bajaj
2140,23000,32000,First Owner,8,100,Bajaj
2141,37000,25000,First Owner,7,150,Yamaha
2142,71000,11000,Second Owner,10,350,Royal Enfield
2143,70000,7000,Second Owner,3,180,TVS
2144,32000,30042,First Owner,10,180,Bajaj
2145,62700,5678,Third Owner,9,250,Honda
2146,85990,19000,Fourth Owner Or More,37,350,Royal Enfield
2147,46000,39000,Second Owner,10,150,Hero
2148,135000,19926,Second Owner,7,500,Royal Enfield
2149,16500,26835,First Owner,15,125,Honda
2150,65000,15000,First Owner,4,160,Honda
2151,55555,9600,First Owner,3,110,Hero
2157,1170000,31500,First Owner,5,800,Triumph
2158,150000,15000,First Owner,9,500,Royal Enfield
2159,152200,7000,First Owner,2,200,KTM
2160,124999,15000,First Owner,5,410,Royal Enfield
2161,180500,2200,First Owner,3,310,TVS
2162,42000,20675,First Owner,7,125,Honda
2164,939200,5700,First Owner,3,883,Harley-Davidson
2167,19000,33018,First Owner,9,100,Hero
2168,96100,9800,First Owner,6,350,Royal Enfield
2169,40000,31003,First Owner,7,150,Yamaha
2170,120000,15000,First Owner,5,350,Royal Enfield
2171,46300,32000,Second Owner,6,200,Bajaj
2172,799999,16000,First Owner,11,1000,Honda
2173,39000,8491,First Owner,2,100,Bajaj
2174,73200,25000,First Owner,2,125,Honda
2177,39000,49073,First Owner,5,180,Bajaj
2178,65000,2164,First Owner,4,220,Bajaj
2179,31000,12315,First Owner,5,150,Bajaj
2180,98600,15500,First Owner,6,200,KTM
2181,20000,37734,First Owner,10,100,Bajaj
2182,46500,30600,Second Owner,9,150,Yamaha
2183,27000,15200,First Owner,6,110,Mahindra
2184,135000,7840,First Owner,3,250,KTM
2185,43500,18346,First Owner,2,110,Bajaj
2186,75000,25754,First Owner,7,390,KTM
2188,90000,30000,First Owner,7,390,KTM
2189,35000,53000,First Owner,4,100,Hero
2190,67000,45000,First Owner,10,350,Royal Enfield
2192,710000,14500,First Owner,3,900,Kawasaki
2197,55000,29000,First Owner,7,220,Bajaj
2198,100000,6500,First Owner,5,150,Honda
2199,32702,12356,First Owner,4,125,Honda
2200,23000,11565,First Owner,9,223,Hero
2201,60000,15000,First Owner,6,220,Bajaj
2202,450000,13000,First Owner,5,600,Benelli
2203,92500,21407,Second Owner,5,410,Royal Enfield
2204,30000,54500,First Owner,9,160,TVS
2205,10000,61145,Second Owner,10,100,Hero
2206,99000,17750,First Owner,6,535,Royal Enfield
2207,61000,12050,First Owner,5,160,Honda
2208,120000,32000,First Owner,5,350,Royal Enfield
2209,30000,38385,First Owner,11,125,Hero
2210,73000,7000,First Owner,9,200,KTM
2212,34000,20812,First Owner,5,110,Honda
2213,23000,50000,First Owner,11,100,Hero
2214,80000,4500,First Owner,3,160,Honda
2215,15000,90000,First Owner,16,100,Hero
2216,30000,44000,First Owner,7,100,Hero
2217,70500,15600,First Owner,4,150,Bajaj
2218,15000,10000,First Owner,16,100,Hero
2219,120000,15000,First Owner,4,200,KTM
2220,89000,600,First Owner,3,200,Bajaj
2221,15000,34710,Third Owner,14,150,Bajaj
2222,160000,13400,First Owner,4,390,KTM
2223,95000,8200,Second Owner,6,200,KTM
2224,14000,79305,First Owner,11,150,Hero
2225,125000,10312,First Owner,4,410,Royal Enfield
2226,58742,11068,First Owner,3,200,TVS
2227,102500,16771,First Owner,6,350,Royal Enfield
2228,280000,5000,First Owner,2,650,Royal Enfield
2229,230000,7800,First Owner,8,650,Hyosung
2230,82000,3500,First Owner,4,160,Bajaj
2231,46000,7840,First Owner,5,150,Bajaj
2232,90600,8970,First Owner,4,250,Honda
2233,81100,21000,First Owner,7,350,Royal Enfield
2234,30000,19976,First Owner,11,100,Hero
2235,29500,25000,First Owner,7,100,Bajaj
2236,185000,17000,First Owner,3,310,TVS
2243,34500,25341,First Owner,8,135,Bajaj
2244,550000,25536,First Owner,7,865,Triumph
2247,62000,17100,First Owner,4,160,Honda
2253,90950,26100,First Owner,7,500,Royal Enfield
2254,70000,26000,First Owner,8,150,Honda
2255,115000,14900,First Owner,5,500,Royal Enfield
2256,36500,10658,First Owner,5,100,Hero
2258,42000,9396,First Owner,3,125,Honda
2259,120000,20000,First Owner,5,410,Royal Enfield
2260,32000,20925,First Owner,9,100,Hero
2261,24000,23244,First Owner,5,110,TVS
2262,25000,46411,First Owner,6,125,Hero
2263,499000,8000,First Owner,2,650,Kawasaki
2264,600000,152,First Owner,5,1000,Yamaha
2265,85000,300,Third Owner,24,135,Yamaha
2266,250000,12000,First Owner,4,302,Benelli
2267,500000,182,First Owner,3,900,Kawasaki
2268,35999,16000,First Owner,5,180,TVS
2269,130000,15000,First Owner,4,400,Bajaj
2270,25000,15000,First Owner,5,100,Hero
2271,54000,7658,First Owner,4,125,Honda
2272,395000,2500,Second Owner,4,750,Harley-Davidson
2273,35000,14400,First Owner,8,160,TVS
2274,82800,6500,First Owner,3,150,Yamaha
2275,28500,26452,First Owner,10,220,Bajaj
2276,151300,14000,First Owner,2,350,Royal Enfield
2277,131000,8700,First Owner,4,410,Royal Enfield
2278,40000,50000,First Owner,12,150,Yamaha
2279,126000,22000,First Owner,3,300,Mahindra
2280,100000,33500,First Owner,5,350,Royal Enfield
2281,120000,22000,First Owner,5,350,Royal Enfield
2282,20300,28000,Second Owner,6,125,Bajaj
2283,156000,6517,First Owner,2,350,Royal Enfield
2284,800000,300,First Owner,6,1000,Honda
2285,28000,61000,Second Owner,13,150,Hero
2286,500000,8000,Second Owner,14,600,Honda
2287,29156,20127,First Owner,4,150,Bajaj
2288,1220000,4400,Second Owner,5,959,Ducati
2289,56000,42500,First Owner,6,220,Bajaj
2290,68000,17000,First Owner,5,150,Yamaha
2291,625000,3000,First Owner,4,797,Ducati
2292,680000,16000,First Owner,10,1200,Ducati
2293,24000,15500,First Owner,11,100,Hero
2294,700000,183,First Owner,3,1000,Suzuki
2295,180800,32000,First Owner,4,390,KTM
2296,30000,24936,First Owner,10,125,Honda
2297,28000,6231,First Owner,11,125,Honda
2298,20100,66000,First Owner,12,100,Hero
2299,10000,646000,First Owner,24,100,Hero
2300,950000,312,First Owner,8,1300,Suzuki
2301,1250000,3800,First Owner,7,1300,Suzuki
2302,19542,56592,First Owner,9,160,TVS
2303,22800,19800,First Owner,8,110,Honda
2304,101100,14000,First Owner,6,350,Royal Enfield
2305,32000,19000,First Owner,4,110,Hero
2306,30000,26000,First Owner,4,100,Hero
2307,27500,76000,First Owner,10,150,Yamaha
2308,35000,9000,Second Owner,6,160,Honda
2309,125000,1500,First Owner,2,150,Yamaha
2310,66200,3400,First Owner,10,500,Royal Enfield
2311,50900,38800,First Owner,5,220,Bajaj
2312,335000,3700,First Owner,4,250,Hyosung
2318,575000,6000,First Owner,4,899,Benelli
2319,135000,14171,First Owner,3,350,Royal Enfield
2320,39000,20700,First Owner,5,100,Hero
2321,33000,22518,First Owner,5,100,Hero
2324,47500,38311,Second Owner,4,180,TVS
2325,92000,4500,First Owner,2,200,TVS
2326,84300,15000,First Owner,8,200,KTM
2327,85000,10000,First Owner,6,350,Royal Enfield
2328,120000,15000,First Owner,5,410,Royal Enfield
2329,53900,25000,First Owner,5,220,Bajaj
2330,18000,28000,Second Owner,12,150,Yamaha
2331,94836,8000,First Owner,5,535,Royal Enfield
2332,265000,8500,First Owner,2,650,Royal Enfield
2333,70000,17000,First Owner,5,220,Bajaj
2334,380000,30000,First Owner,9,796,Ducati
2336,69000,62000,First Owner,9,150,Honda
2337,24000,14000,First Owner,11,150,Yamaha
2344,68000,14497,First Owner,5,200,TVS
2345,145000,12000,First Owner,3,350,Royal Enfield
2346,24000,25683,First Owner,9,100,Hero
2347,21000,22000,First Owner,11,110,Honda
2348,36000,17225,First Owner,4,100,Hero
2349,48000,7119,First Owner,2,110,Honda
2350,92000,17400,First Owner,9,350,Royal Enfield
2351,98000,19033,First Owner,5,350,Royal Enfield
2352,19500,45000,First Owner,11,100,Hero
2353,17000,45000,First Owner,9,100,Bajaj
2354,50000,28000,First Owner,7,150,Yamaha
2355,20000,36000,First Owner,10,150,Bajaj
2356,205000,14000,First Owner,3,310,TVS
2357,95000,23000,First Owner,7,350,Royal Enfield
2358,55000,32011,First Owner,11,150,Yamaha
2359,86000,6000,First Owner,3,180,TVS
2360,54000,6000,First Owner,2,110,TVS
2361,132000,9648,First Owner,4,350,Royal Enfield
2362,62000,16128,First Owner,4,150,Bajaj
2363,55000,13157,Third Owner,5,220,Bajaj
2364,35000,19411,First Owner,9,160,TVS
2371,45000,40000,Second Owner,20,350,Royal Enfield
2372,23500,8000,First Owner,9,150,Yamaha
2389,41000,20000,First Owner,6,220,Bajaj
2390,30000,28524,Third Owner,8,150,Honda
2391,72000,13000,First Owner,3,180,Bajaj
2392,50000,37246,First Owner,6,150,Yamaha
2397,107300,2500,First Owner,5,200,Bajaj
2399,28000,20108,First Owner,10,100,Hero
2400,25000,22728,First Owner,11,125,Hero
2403,540000,27000,First Owner,4,883,Harley-Davidson
2404,120000,10536,Second Owner,4,250,KTM
2405,160000,2412,First Owner,4,400,Bajaj
2406,65000,2750,First Owner,2,125,Honda
2407,145000,10800,Second Owner,6,250,Kawasaki
2408,180000,180,First Owner,4,300,Kawasaki
2409,33000,25000,First Owner,5,125,Honda
2410,106100,11000,First Owner,6,200,Bajaj
2411,35000,43000,First Owner,9,220,Bajaj
2412,175000,7000,First Owner,4,500,Royal Enfield
2413,165073,18000,First Owner,5,500,Royal Enfield
2414,13700,75000,First Owner,16,150,Honda
2415,85000,11496,First Owner,2,160,TVS
2416,54000,5000,First Owner,5,220,Bajaj
2417,70000,9799,First Owner,4,220,Bajaj
2418,25000,48785,First Owner,14,180,Bajaj
2419,9000,42945,First Owner,15,100,Bajaj
2420,56000,32987,First Owner,4,150,Bajaj
2421,13000,45466,Second Owner,14,125,Hero
2422,80000,45380,First Owner,6,200,Bajaj
2423,82000,30000,Second Owner,12,350,Royal Enfield
2424,190000,4800,First Owner,4,500,Royal Enfield
2425,60000,3500,First Owner,6,220,Bajaj
2426,118000,13500,First Owner,5,350,Royal Enfield
2427,32500,16000,First Owner,6,125,Bajaj
2428,60600,7200,First Owner,6,220,Bajaj
2429,112400,12000,First Owner,6,200,Bajaj
2430,99999,20500,First Owner,6,200,Bajaj
2431,141500,4200,First Owner,5,500,Royal Enfield
2432,140000,8300,First Owner,4,350,Royal Enfield
2433,50000,14892,First Owner,4,100,Hero
2434,75000,10000,First Owner,5,220,Bajaj
2435,50000,15000,First Owner,5,150,Bajaj
2436,69000,41000,First Owner,8,150,Honda
2437,33400,18300,First Owner,6,150,Bajaj
2438,34400,36000,First Owner,6,125,Honda
2439,124000,4600,First Owner,7,500,Royal Enfield
2440,104000,29100,First Owner,7,350,Royal Enfield
2441,47000,10000,First Owner,5,110,Hero
2442,39000,36850,First Owner,8,110,Hero
2443,100000,46000,First Owner,7,350,Royal Enfield
2444,38000,28000,First Owner,9,150,Bajaj
2445,80000,2400,First Owner,4,150,Bajaj
2446,32000,35000,First Owner,7,125,Honda
2447,65000,15000,First Owner,5,180,TVS
2448,73500,62000,First Owner,9,350,Royal Enfield
2449,43100,20000,First Owner,7,150,Yamaha
2450,106700,14500,First Owner,7,350,Royal Enfield
2451,105800,27000,First Owner,6,350,Royal Enfield
2452,35000,23430,First Owner,7,100,Hero
2453,125000,27000,First Owner,7,500,Royal Enfield
2454,65000,26000,First Owner,7,150,Bajaj
2455,120000,18300,First Owner,7,350,Royal Enfield
2456,90000,610,First Owner,3,150,Suzuki
2457,107300,16000,First Owner,9,500,Royal Enfield
2458,57000,7000,First Owner,4,125,Hero
2459,19900,28300,First Owner,15,223,Hero
2460,140000,640,First Owner,4,200,Bajaj
2461,58000,20222,First Owner,5,150,Bajaj
2462,21000,54105,First Owner,9,110,Honda
2463,125000,10300,First Owner,4,350,Royal Enfield
2464,55000,89000,First Owner,5,160,Honda
2465,140000,10000,First Owner,3,500,Royal Enfield
2466,101700,20600,First Owner,6,350,Royal Enfield
2467,90000,5000,First Owner,4,200,TVS
2468,40000,14526,First Owner,10,150,Yamaha
2469,50000,39037,First Owner,5,150,Bajaj
2470,110000,11149,First Owner,3,250,Yamaha
2471,110000,17200,First Owner,6,350,Royal Enfield
2472,32500,42500,First Owner,12,150,Yamaha
2473,110000,22400,First Owner,6,350,Royal Enfield
2474,35000,11000,First Owner,4,150,Bajaj
2475,46400,9500,First Owner,3,125,Bajaj
2476,84200,21000,First Owner,7,350,Royal Enfield
2477,150000,35595,First Owner,3,500,Royal Enfield
2478,18800,46000,First Owner,12,135,Bajaj
2479,47167,4664,First Owner,2,100,Hero
2480,120000,10500,First Owner,6,200,KTM
2481,110000,14000,First Owner,5,350,Royal Enfield
2482,87000,15334,First Owner,6,200,Bajaj
2483,31100,11500,Second Owner,9,220,Bajaj
2484,40000,7500,First Owner,5,110,TVS
2485,40000,26500,First Owner,9,150,Yamaha
2486,132100,29000,First Owner,5,500,Royal Enfield
2487,200000,3594,First Owner,3,310,TVS
2488,190000,4136,First Owner,3,310,TVS
2489,110000,25000,First Owner,4,400,Bajaj
2490,35000,22000,First Owner,8,150,Yamaha
2491,40000,5080,First Owner,4,110,Honda
2492,80000,16296,First Owner,5,220,Bajaj
2493,27800,35552,First Owner,4,110,TVS
2494,39900,15000,First Owner,3,100,TVS
2495,55500,17729,First Owner,4,125,Hero
2496,90000,14000,First Owner,7,250,Honda
2497,65000,2780,First Owner,2,110,Honda
2498,55000,25000,Third Owner,8,150,Honda
2499,125000,21057,Second Owner,5,500,Royal Enfield
2500,38000,14000,First Owner,8,150,Honda
2501,20000,41781,First Owner,9,100,Bajaj
2502,59000,18083,First Owner,5,220,Bajaj
2503,15000,78000,First Owner,13,100,Hero
2504,38700,35500,First Owner,7,150,Suzuki
2505,105000,9000,First Owner,4,150,Yamaha
2506,42400,17000,First Owner,5,125,Honda
2507,37000,53500,First Owner,8,150,Yamaha
2508,35000,15200,First Owner,10,220,Bajaj
2509,20000,49500,First Owner,8,125,Bajaj
2510,21200,25000,First Owner,10,150,Yamaha
2511,25000,32000,First Owner,7,100,Bajaj
2512,65000,22000,First Owner,8,150,Yamaha
2513,24000,16000,First Owner,8,125,Honda
2514,52000,6000,First Owner,5,150,Hero
2515,38000,36000,First Owner,5,110,TVS
2516,160000,7965,First Owner,6,390,KTM
2517,95000,16250,First Owner,7,350,Royal Enfield
2518,32500,12045,First Owner,5,100,Hero
2519,109400,22550,First Owner,6,350,Royal Enfield
2520,100000,22000,First Owner,7,500,Royal Enfield
2521,34000,39000,First Owner,9,150,Yamaha
2522,260000,1500,First Owner,2,390,KTM
2523,103700,26125,First Owner,6,350,Royal Enfield
2524,90000,24072,First Owner,5,200,KTM
2525,30000,13452,First Owner,8,100,Hero
2526,550000,11455,First Owner,6,883,Harley-Davidson
2527,30000,49000,First Owner,11,150,Honda
2528,115000,7247,Second Owner,6,535,Royal Enfield
2529,51000,24000,First Owner,4,150,Yamaha
2530,80000,11004,First Owner,7,250,Honda
2531,105000,26000,First Owner,5,350,Royal Enfield
2532,138000,6500,First Owner,3,350,Royal Enfield
2533,136424,16000,First Owner,3,350,Royal Enfield
2534,172000,50926,First Owner,6,390,KTM
2535,107000,9100,First Owner,5,200,Bajaj
2536,110000,24500,First Owner,5,500,Royal Enfield
2537,115000,21651,First Owner,9,500,Royal Enfield
2538,32000,35984,First Owner,8,100,Hero
2539,140000,23444,First Owner,4,500,Royal Enfield
2540,81865,36000,First Owner,15,350,Royal Enfield
2541,135000,28969,First Owner,5,500,Royal Enfield
2542,50000,9718,First Owner,5,150,Bajaj
2543,26800,37248,First Owner,11,220,Bajaj
2544,153400,8600,First Owner,5,500,Royal Enfield
2545,220500,10000,First Owner,4,300,Benelli
2546,60000,30591,Second Owner,8,350,Royal Enfield
2547,18500,30000,First Owner,9,100,Hero
2548,50000,32276,Second Owner,5,220,Bajaj
2549,35000,60000,First Owner,7,220,Bajaj
2550,130000,11191,First Owner,4,500,Royal Enfield
2551,36000,9177,First Owner,5,150,Bajaj
2552,75000,18096,First Owner,5,220,Bajaj
2553,17000,47204,First Owner,13,135,Bajaj
2554,123800,2600,First Owner,4,350,Royal Enfield
2555,99650,27235,First Owner,4,350,Royal Enfield
2556,94000,13779,First Owner,6,500,Royal Enfield
2557,70000,16575,First Owner,4,160,TVS
2558,62000,17547,First Owner,4,220,Bajaj
2559,22000,58706,First Owner,8,180,Bajaj
2560,105000,1800,First Owner,2,150,Yamaha
2561,47000,16873,First Owner,5,150,Bajaj
2562,34000,40976,First Owner,5,150,Bajaj
2563,88000,610,First Owner,4,220,Bajaj
2564,13200,37000,First Owner,13,125,Honda
2565,100000,25555,Second Owner,5,350,Royal Enfield
2566,100000,39645,First Owner,6,350,Royal Enfield
2567,15500,61841,First Owner,10,150,Yamaha
2568,135000,15559,First Owner,3,350,Royal Enfield
2569,21000,25000,First Owner,8,125,Bajaj
2570,39000,25600,Second Owner,7,220,Bajaj
2571,22000,44496,First Owner,11,150,Bajaj
2572,110000,16000,Second Owner,5,200,Bajaj
2573,55000,42585,First Owner,5,220,Bajaj
2574,62000,23185,First Owner,4,160,TVS
2575,26000,23188,First Owner,6,110,Honda
2576,150000,3208,First Owner,4,350,Royal Enfield
2577,50000,11047,First Owner,3,110,Honda
2578,11000,51805,First Owner,15,125,Bajaj
2579,40300,26000,First Owner,6,150,Yamaha
2580,48000,5233,First Owner,5,150,Bajaj
2581,185000,1400,First Owner,5,390,KTM
2582,13000,70142,First Owner,10,100,Bajaj
2583,35000,14000,First Owner,8,220,Bajaj
2584,49999,20000,Second Owner,6,180,TVS
2585,82500,31500,First Owner,3,150,Suzuki
2586,40000,29890,First Owner,6,220,Bajaj
2587,35000,19000,First Owner,9,150,Yamaha
2588,25000,98971,First Owner,8,150,Honda
2589,111200,6832,First Owner,4,400,Bajaj
2590,71000,14802,First Owner,3,150,Suzuki
2591,92000,25000,Second Owner,5,350,Royal Enfield
2592,36900,12000,First Owner,4,100,Hero
2593,17000,35000,Third Owner,10,125,Honda
2594,37300,13000,Second Owner,4,100,Hero
2595,16000,42107,Second Owner,10,135,Bajaj
2596,78000,9700,First Owner,7,150,Honda
2597,97200,20700,First Owner,10,250,Honda
2598,21000,35710,First Owner,8,125,Honda
2599,445600,1500,First Owner,5,750,Harley-Davidson
2600,95000,4300,First Owner,5,200,Bajaj
2601,25000,40000,First Owner,8,125,Honda
2602,170000,9200,First Owner,4,400,Bajaj
2603,100000,15618,First Owner,5,150,Honda
2604,118000,2350,First Owner,2,300,Mahindra
2605,525000,6000,First Owner,4,650,Kawasaki
2606,550000,8000,First Owner,3,650,Kawasaki
2607,34000,21775,First Owner,6,100,Hero
2608,54000,19334,First Owner,4,150,Suzuki
2609,82000,4200,First Owner,4,150,Suzuki
2610,98000,9816,Second Owner,5,350,Royal Enfield
2611,95000,20069,Second Owner,6,350,Royal Enfield
2612,350000,14482,First Owner,2,310,BMW
2613,25500,22793,First Owner,6,125,Bajaj
2614,31000,31282,First Owner,6,110,Honda
2615,237200,3400,First Owner,3,390,KTM
2616,120000,16400,First Owner,7,350,Royal Enfield
2617,127000,16000,First Owner,6,350,Royal Enfield
2618,35000,57000,First Owner,7,180,Bajaj
2619,42500,50788,First Owner,12,223,Hero
2620,30000,53301,First Owner,9,125,Hero
2621,30000,50000,First Owner,8,150,Honda
2622,19500,48101,First Owner,6,100,Bajaj
2623,105200,20000,First Owner,4,350,Royal Enfield
2624,17000,100000,Second Owner,11,150,Yamaha
2625,160000,10000,First Owner,2,350,Royal Enfield
2626,80000,13260,Second Owner,5,350,Royal Enfield
2627,33000,57000,Third Owner,10,150,Yamaha
2628,16400,55000,Second Owner,11,150,Bajaj
2629,46000,1656,First Owner,6,220,Bajaj
2630,125000,3841,First Owner,3,350,Royal Enfield
2631,50000,11584,First Owner,2,110,Hero
2632,114000,31216,First Owner,5,500,Royal Enfield
2633,25000,26460,First Owner,8,110,Mahindra
2634,135000,9324,First Owner,4,400,Bajaj
2635,55000,3607,First Owner,4,125,Hero
2636,89000,48602,First Owner,9,350,Royal Enfield
2637,19000,23588,First Owner,12,100,Hero
2638,52000,31782,First Owner,6,220,Bajaj
2639,28000,32041,First Owner,5,125,Hero
2640,89900,6000,First Owner,4,150,Suzuki
2641,135000,2200,First Owner,3,350,Royal Enfield
2642,421000,10000,First Owner,5,750,Harley-Davidson
2643,102200,15400,First Owner,5,350,Royal Enfield
2644,96000,9000,First Owner,16,350,Royal Enfield
2645,91100,18470,First Owner,6,200,Bajaj
2646,100000,40000,First Owner,6,350,Royal Enfield
2647,12000,32148,Second Owner,14,150,Bajaj
2648,17500,30000,First Owner,12,150,Bajaj
2649,85000,2700,First Owner,6,200,Bajaj
2650,52000,28000,First Owner,5,150,Suzuki
2651,85000,8811,First Owner,3,200,TVS
2652,70000,14600,First Owner,4,150,Bajaj
2653,45000,15091,Second Owner,7,220,Bajaj
2654,60000,1877,First Owner,2,100,Hero
2655,110000,50697,First Owner,8,500,Royal Enfield
2656,60000,15097,Second Owner,5,220,Bajaj
2657,81700,16000,First Owner,5,200,Bajaj
2658,13000,135000,First Owner,10,125,Bajaj
2659,74000,13059,First Owner,3,150,Suzuki
2660,122400,17000,First Owner,5,500,Royal Enfield
2661,65000,48000,First Owner,5,150,Yamaha
2662,12000,60000,First Owner,13,150,Hero
2663,75000,4100,First Owner,5,160,Honda
2664,31000,38140,First Owner,8,160,TVS
2665,85000,50143,First Owner,14,500,Royal Enfield
2666,75000,34640,First Owner,6,200,Bajaj
2667,85000,2500,First Owner,3,160,Bajaj
2668,27999,53999,First Owner,11,180,Bajaj
2669,146000,5000,First Owner,4,350,Royal Enfield
2670,80000,45945,First Owner,7,150,Honda
2671,40000,26070,Second Owner,8,220,Bajaj
2672,115000,4376,First Owner,5,350,Royal Enfield
2673,420000,5000,First Owner,6,650,Kawasaki
2674,36700,11000,First Owner,4,125,Bajaj
2675,43000,12000,First Owner,8,200,Bajaj
2676,100000,21306,First Owner,5,200,Bajaj
2677,79000,9556,First Owner,4,200,Bajaj
2678,110000,75956,First Owner,7,500,Royal Enfield
2679,40000,29800,First Owner,6,150,Honda
2680,37000,17288,First Owner,4,125,Bajaj
2681,17000,70000,First Owner,11,180,Bajaj
2682,90000,34276,First Owner,8,350,Royal Enfield
2683,40000,7600,First Owner,8,220,Bajaj
2684,75000,12000,First Owner,5,200,Bajaj
2685,51000,25102,First Owner,6,220,Bajaj
2686,25000,30000,First Owner,11,150,Honda
2687,20050,39000,First Owner,14,100,Hero
2688,13900,99999,First Owner,17,125,Bajaj
2689,60000,20500,First Owner,10,150,Yamaha
2690,94049,32000,First Owner,7,350,Royal Enfield
2691,63000,15500,First Owner,8,350,Royal Enfield
2692,145000,7000,First Owner,5,300,Mahindra
2693,120000,12300,First Owner,5,350,Royal Enfield
2694,80000,14448,First Owner,6,350,Royal Enfield
2695,33680,28000,First Owner,4,100,Hero
2696,14000,70756,First Owner,13,100,Hero
2697,30000,35000,First Owner,9,150,Bajaj
2698,27000,61000,First Owner,6,135,Bajaj
2699,75000,48000,First Owner,8,150,Yamaha
2700,45400,12510,First Owner,4,150,Hero
2701,40000,15450,First Owner,6,100,Hero
2702,55000,13443,First Owner,3,125,Honda
2703,175000,14200,First Owner,5,390,KTM
2704,90000,35123,First Owner,6,350,Royal Enfield
2705,40000,19500,First Owner,6,180,TVS
2706,140000,16000,First Owner,6,350,Royal Enfield
2707,25000,22113,First Owner,18,100,Hero
2708,450000,21913,First Owner,4,750,Harley-Davidson
2709,370000,4899,Second Owner,5,750,Harley-Davidson
2710,40000,12530,First Owner,3,110,TVS
2711,65000,28000,First Owner,4,200,TVS
2712,105000,23397,First Owner,4,350,Royal Enfield
2715,33000,17500,First Owner,11,100,Hero
2716,75000,14271,First Owner,4,200,TVS
2717,15000,23000,First Owner,17,150,Bajaj
2718,110400,10600,First Owner,5,350,Royal Enfield
2719,109000,35000,First Owner,4,350,Royal Enfield
2720,74500,26081,First Owner,7,350,Royal Enfield
2721,84000,16694,First Owner,7,350,Royal Enfield
2722,57000,6777,First Owner,5,220,Bajaj
2723,146300,750,First Owner,4,350,Royal Enfield
2724,128000,18552,First Owner,4,500,Royal Enfield
2725,108000,56273,First Owner,5,350,Royal Enfield
2726,10500,39252,First Owner,17,100,Hero
2727,100000,14576,Second Owner,6,350,Royal Enfield
2728,53000,2792,Second Owner,5,150,Bajaj
2729,66000,15306,Second Owner,13,350,Royal Enfield
2730,17000,30124,First Owner,11,125,Honda
2731,45000,17281,First Owner,3,125,Bajaj
2732,98000,14495,First Owner,3,150,Suzuki
2733,17000,55534,First Owner,10,150,Bajaj
2734,900000,13782,First Owner,4,883,Harley-Davidson
2735,167000,2500,First Owner,2,350,Royal Enfield
2736,85000,5848,First Owner,3,200,Bajaj
2737,65000,23000,First Owner,5,150,Yamaha
2738,415000,8500,First Owner,5,650,Kawasaki
2739,62000,7500,Second Owner,3,160,Honda
2740,147000,200,First Owner,4,350,Royal Enfield
2741,136000,5800,First Owner,5,350,Royal Enfield
2742,38000,29030,First Owner,4,125,Hero
2743,32600,25000,First Owner,10,150,Yamaha
2744,64000,31571,Second Owner,10,350,Royal Enfield
2745,40000,40169,First Owner,5,150,Yamaha
2746,108000,10200,First Owner,5,200,Bajaj
2747,80162,17500,Second Owner,9,350,Royal Enfield
2748,192000,7390,First Owner,6,250,Hyosung
2749,55000,14061,First Owner,6,180,TVS
2750,111300,20000,First Owner,8,500,Royal Enfield
2751,84800,20000,Second Owner,6,350,Royal Enfield
2752,100000,11937,First Owner,4,350,Royal Enfield
2753,105000,10500,First Owner,4,200,Bajaj
2754,18000,52928,First Owner,11,100,Hero
2755,14000,58000,First Owner,11,150,Hero
2756,32000,37000,Second Owner,9,220,Bajaj
2757,70700,12000,First Owner,5,200,Bajaj
2758,40400,33000,First Owner,5,180,Bajaj
2759,110000,100670,First Owner,5,350,Royal Enfield
2760,32500,56482,First Owner,8,150,Bajaj
2761,55000,29331,First Owner,4,150,Suzuki
2762,35000,67363,First Owner,8,180,TVS
2763,25000,55000,First Owner,10,150,Yamaha
2764,77616,31530,First Owner,6,350,Royal Enfield
2765,20000,51000,First Owner,10,100,Hero
2766,86000,15000,First Owner,7,350,Royal Enfield
2767,50000,13000,First Owner,7,220,Bajaj
2768,72000,21458,First Owner,5,200,TVS
2769,50000,33000,First Owner,6,150,Yamaha
2770,25000,33755,First Owner,7,110,Honda
2771,67000,35409,First Owner,4,180,Bajaj
2772,58000,8000,First Owner,4,125,Honda
2773,50000,20000,First Owner,6,180,Bajaj
2774,64400,3310,First Owner,5,160,Honda
2775,16000,58000,First Owner,13,100,Hero
2776,95000,33300,First Owner,8,390,KTM
2777,100000,15000,First Owner,6,200,Bajaj
2778,95000,18000,First Owner,8,500,Royal Enfield
2779,52200,29000,First Owner,4,150,Suzuki
2780,17000,20000,Second Owner,8,125,Bajaj
2781,36000,14615,First Owner,12,150,Yamaha
2782,47000,2860,First Owner,2,110,Bajaj
2783,51100,24065,First Owner,6,150,Hero
2784,24000,9614,First Owner,11,150,Yamaha
2785,12200,30000,Second Owner,14,150,Bajaj
2786,55000,7034,First Owner,4,160,Bajaj
2787,110000,21000,First Owner,4,350,Royal Enfield
2788,79400,19225,First Owner,10,350,Royal Enfield
2789,19000,68000,First Owner,10,110,Honda
2790,83000,29500,First Owner,6,150,Yamaha
2791,22500,20000,First Owner,8,110,Mahindra
2792,51500,32000,First Owner,7,220,Bajaj
2793,30000,30000,First Owner,7,125,Honda
2794,46900,20468,First Owner,4,150,Bajaj
2795,50000,45000,First Owner,7,150,Yamaha
2796,95000,30000,Third Owner,8,500,Royal Enfield
2797,26000,30000,First Owner,6,100,Hero
2798,55000,39309,Second Owner,8,200,Bajaj
2799,48999,9600,First Owner,5,150,Bajaj
2800,70000,14854,First Owner,7,150,Yamaha
2801,55000,12000,First Owner,5,220,Bajaj
2802,46000,35596,First Owner,5,150,Bajaj
2803,63000,45686,First Owner,4,250,Yamaha
2804,89000,24516,First Owner,6,350,Royal Enfield
2805,50000,14000,First Owner,5,150,Bajaj
2806,39000,96611,First Owner,4,150,Bajaj
2807,45000,38500,First Owner,7,220,Bajaj
2808,43000,12000,First Owner,3,125,Hero
2809,65000,25000,First Owner,4,220,Bajaj
2810,85000,32000,First Owner,7,150,Yamaha
2811,60000,52667,First Owner,8,150,Yamaha
2812,110000,30000,First Owner,9,500,Royal Enfield
2813,173000,18500,First Owner,5,390,KTM
2814,98000,20783,First Owner,5,350,Royal Enfield
2815,75000,47489,First Owner,5,150,Yamaha
2816,450000,1174,Second Owner,3,750,Harley-Davidson
2817,80000,34000,First Owner,8,350,Royal Enfield
2818,190000,9500,First Owner,4,390,KTM
2819,42000,15000,First Owner,5,125,Hero
2820,55000,18934,First Owner,6,160,TVS
2821,62000,8500,First Owner,5,220,Bajaj
2822,12000,72901,First Owner,16,125,Bajaj
2823,35590,45217,Second Owner,7,220,Bajaj
2824,45000,30000,First Owner,6,150,Bajaj
2825,76000,481,First Owner,3,150,Suzuki
2826,50700,16000,First Owner,7,220,Bajaj
2827,43999,50000,Second Owner,8,200,Bajaj
2828,60000,6193,First Owner,6,220,Bajaj
2829,101400,30000,First Owner,7,500,Royal Enfield
2830,110000,5921,First Owner,6,500,Royal Enfield
2831,105000,15000,First Owner,3,350,Royal Enfield
2832,55000,20000,First Owner,9,220,Bajaj
2833,70000,9355,First Owner,4,150,Yamaha
2834,85500,5645,First Owner,4,350,Royal Enfield
2835,85000,16439,Second Owner,6,350,Royal Enfield
2836,125000,15888,First Owner,5,500,Royal Enfield
2837,73000,5000,First Owner,5,220,Bajaj
2838,99000,1958,First Owner,2,220,Bajaj
2839,54500,50000,First Owner,8,150,Yamaha
2840,35000,25651,First Owner,10,220,Bajaj
2841,30000,7004,First Owner,5,100,Bajaj
2842,48700,16000,First Owner,6,220,Bajaj
2843,19000,35000,First Owner,13,150,Bajaj
2844,154800,3800,First Owner,6,200,KTM
2845,66000,11500,First Owner,5,160,Honda
2846,104000,27623,First Owner,5,350,Royal Enfield
2847,66000,20919,First Owner,6,220,Bajaj
2848,105000,11600,First Owner,7,350,Royal Enfield
2849,60000,25000,First Owner,6,220,Bajaj
2850,25000,45000,First Owner,10,150,Bajaj
2851,90000,8740,First Owner,6,150,Honda
2858,50000,16000,First Owner,3,150,Bajaj
2859,22500,33000,First Owner,11,160,TVS
2860,100000,60000,First Owner,4,350,Royal Enfield
2861,45000,17400,First Owner,6,160,Honda
2862,90000,22000,First Owner,7,350,Royal Enfield
2863,14000,50000,First Owner,12,150,Bajaj
2864,124000,12827,First Owner,4,500,Royal Enfield
2865,118000,15256,First Owner,3,350,Royal Enfield
2866,20000,60000,Second Owner,12,180,Bajaj
2867,15000,27000,First Owner,18,150,Bajaj
2868,32000,34378,First Owner,7,135,Bajaj
2869,17000,47543,First Owner,8,125,Bajaj
2870,16500,41012,First Owner,10,150,Bajaj
2871,550000,11000,First Owner,5,650,Kawasaki
2872,120000,15148,First Owner,4,350,Royal Enfield
2876,37000,48500,First Owner,11,150,Yamaha
2877,25000,41004,First Owner,11,150,Yamaha
2878,48000,17505,Second Owner,10,150,Yamaha
2879,190000,10500,First Owner,6,250,Hyosung
2880,110000,2500,First Owner,4,150,Yamaha
2881,230000,1900,First Owner,4,390,KTM
2882,19000,39858,First Owner,11,150,Bajaj
2883,26000,32489,First Owner,7,125,Honda
2884,110000,27240,Second Owner,7,390,KTM
2885,22500,17644,First Owner,8,125,Honda
2886,65000,12917,First Owner,3,160,TVS
2887,23000,23244,First Owner,5,110,TVS
2888,23000,17853,First Owner,8,100,Hero
2889,25000,24510,First Owner,5,100,Bajaj
2890,20000,21000,First Owner,14,125,Bajaj
2891,65000,73281,First Owner,3,150,Suzuki
2892,17000,26886,First Owner,10,100,Hero
2893,13000,32042,First Owner,10,125,Bajaj
2894,70000,15671,First Owner,5,150,Honda
2895,23000,14364,First Owner,8,100,Hero
2896,120000,2701,First Owner,4,500,Royal Enfield
2897,40500,10489,First Owner,5,125,Honda
2898,130000,2503,First Owner,4,350,Royal Enfield
2899,66700,16600,First Owner,5,150,Suzuki
2900,55000,29000,First Owner,4,150,Suzuki
2901,36000,36000,First Owner,6,100,Hero
2902,35000,19000,First Owner,8,150,Bajaj
2903,110000,10400,First Owner,4,350,Royal Enfield
2904,30000,25000,First Owner,8,100,Hero
2905,27500,25000,First Owner,9,100,Hero
2906,1400000,3174,First Owner,4,1200,Ducati
2907,45000,35866,First Owner,5,160,Honda
2908,27167,27110,First Owner,7,100,Hero
2909,109000,19274,Second Owner,2,150,Yamaha
2910,170000,14500,First Owner,4,390,KTM
2911,14000,52902,First Owner,13,135,Bajaj
2912,31000,17000,Third Owner,5,150,Bajaj
2913,215000,4500,First Owner,3,390,KTM
2914,111600,22000,First Owner,7,350,Royal Enfield
2915,25000,25388,First Owner,11,220,Bajaj
2916,85000,17500,Second Owner,6,350,Royal Enfield
2917,110000,10111,First Owner,3,350,Royal Enfield
2918,95000,8901,First Owner,4,350,Royal Enfield
2919,110000,9053,First Owner,4,350,Royal Enfield
2920,16000,26276,First Owner,11,100,Hero
2921,75000,6625,First Owner,4,200,Bajaj
2922,32000,12000,First Owner,6,100,Hero
2923,35000,28000,First Owner,9,150,Yamaha
2924,27000,39000,First Owner,7,150,Bajaj
2925,97000,45000,First Owner,8,350,Royal Enfield
2926,95000,15000,First Owner,5,350,Royal Enfield
2927,22000,23000,First Owner,10,180,Bajaj
2928,35000,23905,First Owner,7,125,Honda
2929,184000,1380,First Owner,2,410,Royal Enfield
2930,25000,26533,First Owner,5,100,Bajaj
2931,50000,13141,First Owner,4,160,Honda
2932,12000,43596,First Owner,11,150,Bajaj
2933,35000,37000,First Owner,7,150,Honda
2934,90000,2539,First Owner,7,500,Royal Enfield
2935,120000,12827,First Owner,4,500,Royal Enfield
2936,95000,16000,First Owner,6,350,Royal Enfield
2937,21500,30000,First Owner,9,100,Bajaj
2938,18000,24657,First Owner,12,125,Honda
2939,27000,102892,First Owner,8,100,Bajaj
2940,22000,14459,First Owner,5,100,Bajaj
2941,82000,41292,First Owner,6,200,Bajaj
2942,10000,27000,First Owner,16,100,Bajaj
2943,61000,14159,First Owner,8,350,Royal Enfield
2944,28000,24310,First Owner,7,125,Honda
2945,21500,22398,First Owner,5,100,Bajaj
2946,20000,65000,First Owner,10,150,Bajaj
2947,38000,19300,Second Owner,4,150,Suzuki
2948,190000,2000,First Owner,2,295,Jawa
2949,200000,16000,First Owner,3,390,KTM
2950,125000,36000,First Owner,4,350,Royal Enfield
2951,45000,40718,First Owner,7,150,Yamaha
2952,62000,1800,First Owner,2,100,Hero
2953,76000,17000,First Owner,4,150,Suzuki
2954,106400,10000,First Owner,3,150,Yamaha
2955,85000,7444,First Owner,3,150,Suzuki
2956,360000,7093,First Owner,3,310,BMW
2957,35599,14616,First Owner,3,100,Bajaj
2958,60000,838,First Owner,3,160,TVS
2959,43000,13500,First Owner,5,125,Bajaj
2960,47000,24000,Second Owner,4,180,TVS
2961,110000,27000,First Owner,5,350,Royal Enfield
2962,73000,13175,Second Owner,5,150,Yamaha
2963,86300,18500,First Owner,5,200,Bajaj
2964,45000,27700,First Owner,7,200,Bajaj
2965,81300,8331,First Owner,3,160,Honda
2966,73000,2055,First Owner,3,180,Bajaj
2967,135000,4549,First Owner,2,125,KTM
2968,55000,20363,First Owner,4,180,TVS
2969,36000,35688,First Owner,6,180,TVS
2970,41000,5095,First Owner,5,150,Bajaj
2971,140000,6000,First Owner,2,125,KTM
2972,65000,27700,First Owner,5,150,Suzuki
2973,19500,10000,First Owner,14,100,Hero
2974,38000,40000,First Owner,6,220,Bajaj
2975,24000,59944,First Owner,8,180,Bajaj
2976,14900,99890,First Owner,17,125,Bajaj
2977,22000,38000,First Owner,10,135,Bajaj
2978,95000,50000,Third Owner,43,350,Royal Enfield
2979,132000,6100,First Owner,3,350,Royal Enfield
2980,135000,85000,First Owner,43,350,Royal Enfield
2981,45297,55268,First Owner,5,160,Honda
2982,137000,8400,First Owner,2,350,Royal Enfield
2983,15000,48000,First Owner,17,100,Bajaj
2984,20000,19420,First Owner,10,100,Hero
2985,18800,46555,First Owner,10,180,Bajaj
2986,19000,22617,First Owner,9,150,Yamaha
2987,35000,10181,First Owner,4,100,Bajaj
2988,165000,10000,First Owner,4,200,KTM
2989,51000,23564,First Owner,8,223,Hero
2990,85000,10000,Second Owner,9,500,Royal Enfield
2991,26000,15099,First Owner,9,100,Hero
2992,27000,11237,First Owner,9,100,Hero
2993,52500,24487,First Owner,4,150,Suzuki
2994,13000,32641,First Owner,13,150,Honda
2995,155000,7500,First Owner,4,200,KTM
2996,56000,47000,First Owner,16,350,Royal Enfield
2997,65000,4500,First Owner,5,149,Hero
2998,482000,7500,First Owner,6,883,Harley-Davidson
2999,95000,9392,Fourth Owner Or More,6,350,Royal Enfield
3000,35000,12669,First Owner,4,125,Hero
3001,65000,7421,First Owner,3,160,TVS
3002,28000,32914,First Owner,5,100,Hero
3003,23000,62433,Second Owner,7,100,Hero
3004,23000,16286,First Owner,9,100,Hero
3005,29000,29189,First Owner,4,135,Bajaj
3006,18000,50732,First Owner,10,125,Bajaj
3007,1000000,1500,First Owner,4,1200,Triumph
3008,50000,42149,First Owner,4,150,Bajaj
3009,120000,14290,First Owner,5,410,Royal Enfield
3010,45000,26500,Second Owner,7,180,TVS
3011,50000,38000,First Owner,12,150,Yamaha
3012,30000,34500,Second Owner,7,150,Yamaha
3013,45000,16106,First Owner,3,110,Honda
3014,28000,17942,First Owner,6,100,Hero
3015,90000,2000,First Owner,4,350,Royal Enfield
3016,1500000,18000,First Owner,4,1000,BMW
3017,69000,25000,First Owner,9,150,Yamaha
3018,21000,20386,First Owner,9,100,Bajaj
3019,51000,18791,First Owner,6,220,Bajaj
3020,51000,17261,First Owner,3,125,Honda
3021,40500,39125,First Owner,6,180,TVS
3022,16900,30000,Second Owner,13,223,Hero
3023,79990,60000,First Owner,8,200,KTM
3024,23000,67000,First Owner,13,223,Hero
3025,27000,23000,First Owner,3,100,Bajaj
3026,79000,32000,First Owner,6,200,Bajaj
3027,26200,29000,First Owner,10,125,Bajaj
3028,18000,19687,First Owner,10,125,Honda
3029,55000,2309,First Owner,2,100,Hero
3030,128700,11300,First Owner,5,200,KTM
3031,50000,7500,First Owner,3,150,Bajaj
3032,13000,44000,First Owner,13,125,Bajaj
3033,26000,27454,First Owner,9,150,Yamaha
3034,130000,13000,First Owner,4,350,Royal Enfield
3035,35000,37000,First Owner,9,150,Honda
3036,44000,36000,First Owner,6,180,TVS
3037,15000,28757,First Owner,13,110,TVS
3038,20000,46007,First Owner,13,223,Hero
3039,32000,11278,First Owner,11,220,Bajaj
3040,24000,18085,First Owner,7,125,Bajaj
3041,20500,47057,First Owner,9,100,Bajaj
3042,19000,74594,First Owner,11,100,Bajaj
3043,33969,33075,Second Owner,8,220,Bajaj
3044,25000,6500,Second Owner,7,125,Bajaj
3045,106080,4633,First Owner,4,400,Bajaj
3046,120000,48000,Second Owner,8,500,Royal Enfield
3047,39000,12457,First Owner,3,110,Hero
3048,28000,13290,First Owner,4,100,Bajaj
3053,110000,14201,First Owner,5,350,Royal Enfield
3055,90000,8800,First Owner,3,250,Yamaha
3056,32000,10005,First Owner,5,110,Honda
3057,120000,11000,First Owner,3,350,Royal Enfield
3058,120000,33360,First Owner,5,410,Royal Enfield
3059,54000,18454,First Owner,4,160,TVS
3060,19000,49826,First Owner,13,100,Hero
3061,30000,33907,First Owner,4,100,Bajaj
3062,80000,23000,First Owner,4,250,Yamaha
3063,12000,45000,First Owner,12,150,Hero
3064,22000,65585,First Owner,11,110,Honda
3065,22000,30378,First Owner,9,150,Yamaha
3066,25000,31634,First Owner,8,150,Bajaj
3067,100000,28000,First Owner,5,250,Honda
3068,47000,12643,Second Owner,9,150,Yamaha
3069,36000,21905,First Owner,9,160,TVS
3070,110000,24000,First Owner,7,500,Royal Enfield
3071,94000,893,First Owner,2,160,TVS
3072,850000,13223,First Owner,12,1300,Suzuki
3073,21000,20000,First Owner,9,100,Hero
3074,125000,24451,First Owner,3,200,KTM
3075,35000,38195,First Owner,7,150,Honda
3076,18700,34409,First Owner,7,110,Mahindra
3077,60000,68,First Owner,3,125,Honda
3078,32000,18080,First Owner,5,100,Hero
3079,25000,68717,First Owner,9,125,Hero
3080,23000,44002,First Owner,5,100,Bajaj
3081,35000,27877,First Owner,4,110,Hero
3082,55000,12500,First Owner,6,220,Bajaj
3083,19000,17272,First Owner,8,135,Bajaj
3084,170000,8015,First Owner,2,500,Royal Enfield
3085,12000,67569,First Owner,13,100,Hero
3086,26000,32145,First Owner,5,125,Hero
3087,22000,38755,First Owner,8,125,Hero
3088,39000,29330,First Owner,6,180,Bajaj
3089,239000,1264,First Owner,2,500,Royal Enfield
3090,32000,38327,First Owner,4,125,Bajaj
3091,30000,12696,First Owner,4,100,Bajaj
3092,51000,20683,First Owner,5,125,Honda
3093,135000,23000,First Owner,3,350,Royal Enfield
3094,32000,19510,First Owner,9,135,Bajaj
3095,650000,16000,First Owner,4,675,Triumph
3096,190000,2500,First Owner,2,200,KTM
3097,161300,17000,First Owner,5,535,Royal Enfield
3098,190000,2600,First Owner,2,250,KTM
3099,18000,13290,First Owner,9,100,Hero
3100,32000,23553,Second Owner,6,150,Bajaj
3101,48000,1850,First Owner,2,110,Bajaj
3102,25000,90393,First Owner,10,180,Bajaj
3103,16000,13551,First Owner,13,125,Hero
3104,17000,32997,First Owner,11,100,Bajaj
3105,57000,28000,First Owner,7,150,Yamaha
3106,33000,12992,First Owner,3,100,Bajaj
3121,9000,72302,First Owner,15,110,TVS
3122,36000,6652,First Owner,4,150,Bajaj
3123,51715,13191,Second Owner,8,150,Yamaha
3124,120000,39000,First Owner,6,350,Royal Enfield
3125,75000,8600,First Owner,4,220,Bajaj
3126,70000,15000,First Owner,5,220,Bajaj
3127,107000,14000,First Owner,5,410,Royal Enfield
3128,42000,59589,First Owner,6,150,Honda
3129,18000,50000,First Owner,10,125,Honda
3130,22000,14978,First Owner,9,100,Hero
3131,29500,19000,First Owner,8,100,Hero
3132,90000,12131,First Owner,3,160,TVS
3133,32000,34859,First Owner,3,100,Bajaj
3134,32000,12000,First Owner,2,100,Bajaj
3135,30000,26701,First Owner,5,150,Bajaj
3137,200000,167,First Owner,2,390,KTM
3138,640000,7500,Second Owner,4,900,Triumph
3139,50000,43900,First Owner,7,150,Suzuki
3140,38000,12500,First Owner,4,125,Hero
3141,52000,11226,First Owner,5,220,Bajaj
3142,37000,18067,First Owner,7,100,Hero
3144,20000,30000,First Owner,14,150,Bajaj
3145,120000,23500,First Owner,6,500,Royal Enfield
3146,24000,18300,First Owner,9,110,Hero
3147,31000,30000,Second Owner,7,150,Bajaj
3148,33000,27836,First Owner,4,150,Bajaj
3149,31500,80353,Second Owner,10,220,Bajaj
3150,19000,48754,First Owner,9,100,Bajaj
3151,35000,15071,First Owner,4,150,Bajaj
3152,70000,38000,First Owner,4,160,Honda
3153,15000,7900,First Owner,12,125,Honda
3154,43000,9430,First Owner,5,150,Bajaj
3158,45000,15910,First Owner,7,150,Yamaha
3160,170000,8000,First Owner,5,390,KTM
3161,32000,35000,First Owner,10,220,Bajaj
3162,45000,39000,First Owner,5,220,Bajaj
3163,42400,23000,First Owner,7,220,Bajaj
3164,70000,9000,First Owner,3,150,Suzuki
3165,66700,5000,First Owner,5,200,Bajaj
3166,160000,1189,First Owner,2,350,Royal Enfield
3167,145000,23085,First Owner,7,390,KTM
3168,24000,39000,First Owner,10,150,Bajaj
3169,100000,100000,First Owner,19,350,Royal Enfield
3170,120000,26400,First Owner,8,390,KTM
3171,95000,5493,First Owner,2,150,Suzuki
3172,66000,17545,First Owner,3,150,Suzuki
3173,47000,16000,First Owner,5,220,Bajaj
3174,26000,51875,First Owner,9,160,TVS
3175,85000,7000,First Owner,2,160,Bajaj
3176,18000,79000,First Owner,11,125,Hero
3177,35000,34000,First Owner,9,200,Bajaj
3178,82000,52198,First Owner,2,160,TVS
3180,55000,27200,First Owner,11,150,Honda
3181,19400,50000,First Owner,5,100,Bajaj
3182,82000,11766,First Owner,8,350,Royal Enfield
3183,50000,9500,First Owner,7,220,Bajaj
3184,57000,18374,Second Owner,5,160,Honda
3185,34000,19000,First Owner,7,100,Hero
3186,100000,10784,Second Owner,5,150,Yamaha
3187,23000,51000,First Owner,8,125,Bajaj
3188,23000,22310,First Owner,11,125,Honda
3189,130000,16000,First Owner,6,500,Royal Enfield
3190,200000,10000,First Owner,4,500,Royal Enfield
3191,750000,1550,First Owner,2,797,Ducati
3199,15000,52000,First Owner,15,180,Bajaj
3214,18000,27391,First Owner,9,180,Bajaj
3215,16000,18002,First Owner,15,150,Bajaj
3216,28000,22047,First Owner,7,180,Bajaj
3217,90000,6465,First Owner,9,350,Royal Enfield
3218,115100,15184,First Owner,5,390,KTM
3219,110147,13193,First Owner,5,390,KTM
3220,130000,27000,First Owner,6,390,KTM
3223,95000,3500,First Owner,6,200,Bajaj
3224,23300,52000,First Owner,15,100,Hero
3225,19000,2872,First Owner,9,150,Honda
3226,35100,15000,First Owner,5,110,Hero
3227,150000,10956,First Owner,3,250,Honda
3228,24500,17874,First Owner,6,125,Hero
3229,28000,31634,First Owner,6,150,Bajaj
3230,30000,22000,First Owner,6,150,Bajaj
3231,27000,6042,First Owner,5,150,Bajaj
3232,26200,17000,First Owner,6,150,Bajaj
3233,75500,25212,First Owner,6,350,Royal Enfield
3234,110000,4831,First Owner,3,200,Bajaj
3235,28000,21171,First Owner,5,110,TVS
3236,42000,12737,First Owner,4,100,Hero
3237,34500,13219,First Owner,9,160,TVS
3238,17900,23719,First Owner,14,135,Bajaj
3239,34000,13820,First Owner,7,100,Hero
3240,90000,10000,First Owner,3,150,Yamaha
3241,45000,33000,First Owner,9,150,Yamaha
3242,320000,8000,First Owner,3,302,Benelli
3243,80000,24000,First Owner,12,350,Royal Enfield
3251,200000,8094,First Owner,3,410,Royal Enfield
3252,50000,6150,First Owner,3,150,Bajaj
3253,70000,17187,First Owner,5,200,Bajaj
3254,84000,39301,First Owner,5,350,Royal Enfield
3255,140000,7300,First Owner,3,350,Royal Enfield
3256,29000,67987,Second Owner,5,150,Hero
3257,23000,14244,First Owner,7,100,Hero
3258,96000,25000,First Owner,7,390,KTM
3259,24000,20000,First Owner,9,100,Hero
3260,51000,9200,First Owner,5,180,Bajaj
3261,89700,918,First Owner,4,220,Bajaj
3262,135000,5000,First Owner,2,125,KTM
3263,23000,38499,Second Owner,11,100,Hero
3264,12000,38000,First Owner,15,180,Bajaj
3270,25500,19000,First Owner,8,100,Bajaj
3271,110000,9000,First Owner,7,500,Royal Enfield
3272,65000,30000,First Owner,9,220,Bajaj
3273,73000,11000,First Owner,7,150,Yamaha
3274,90000,16000,Second Owner,6,200,Bajaj
3275,165000,19500,First Owner,6,500,Royal Enfield
3276,60000,4000,First Owner,4,150,Bajaj
3277,20000,25000,First Owner,7,100,Hero
3278,67000,30000,First Owner,5,150,Bajaj
3279,115000,3195,First Owner,4,250,Yamaha
3280,19000,18000,Second Owner,9,100,Hero
3281,107900,9767,First Owner,7,350,Royal Enfield
3282,115000,9100,First Owner,8,350,Royal Enfield
3283,41245,55000,First Owner,9,220,Bajaj
3284,97100,15000,First Owner,8,350,Royal Enfield
3285,105000,15000,First Owner,6,200,Bajaj
3286,125000,11500,First Owner,4,200,Bajaj
3287,45000,8800,First Owner,11,150,Yamaha
3288,21800,8000,First Owner,14,223,Hero
3289,29000,12972,First Owner,7,100,Hero
3290,34000,14494,First Owner,6,110,Hero
3298,56000,1745,First Owner,2,100,Hero
3299,155000,7800,First Owner,5,250,Benelli
3300,125000,20000,First Owner,5,500,Royal Enfield
3301,26500,17857,First Owner,6,100,Hero
3302,10500,60000,First Owner,13,150,Bajaj
3303,19000,13723,Second Owner,10,100,Hero
3304,115000,12288,First Owner,3,350,Royal Enfield
3305,65000,27500,First Owner,5,220,Bajaj
3306,100000,15428,First Owner,6,350,Royal Enfield
3307,21400,27000,First Owner,6,110,Mahindra
3308,89000,10000,First Owner,3,220,Bajaj
3309,89000,39000,First Owner,7,350,Royal Enfield
3310,88000,7150,First Owner,5,200,Bajaj
3311,48000,28081,Second Owner,6,220,Bajaj
3312,40000,48000,First Owner,7,150,Yamaha
3313,60000,12919,First Owner,5,150,Suzuki
3314,30000,27411,First Owner,12,150,Yamaha
3315,50000,10500,First Owner,5,220,Bajaj
3316,148000,19750,First Owner,5,390,KTM
3317,87000,7113,First Owner,3,160,Honda
3318,40000,31000,Second Owner,4,150,Bajaj
3319,17000,36849,First Owner,10,110,Honda
3320,100000,36000,First Owner,8,250,Honda
3321,30000,13223,First Owner,8,125,Bajaj
3322,105000,29000,First Owner,7,350,Royal Enfield
3323,12000,25000,First Owner,13,150,Bajaj
3324,85000,8000,First Owner,7,350,Royal Enfield
3325,39700,58000,First Owner,8,150,Honda
3329,124000,14407,First Owner,5,300,Mahindra
3330,120000,14354,First Owner,3,350,Royal Enfield
3331,33000,19365,First Owner,4,100,Hero
3332,120000,21000,First Owner,4,350,Royal Enfield
3333,85000,6821,First Owner,2,160,TVS
3334,38000,32800,First Owner,7,150,Bajaj
3335,75400,11200,First Owner,3,150,Suzuki
3336,115000,17000,First Owner,4,350,Royal Enfield
3337,89000,29235,Second Owner,6,500,Royal Enfield
3338,36000,24990,First Owner,4,100,Hero
3339,37000,22057,First Owner,5,125,Honda
3340,125000,33160,First Owner,3,350,Royal Enfield
3341,50000,13098,First Owner,6,220,Bajaj
3342,39000,48000,First Owner,7,220,Bajaj
3343,33000,30000,First Owner,5,150,Bajaj
3344,63823,28500,First Owner,5,180,TVS
3362,32000,15820,First Owner,3,100,TVS
3363,24000,20100,First Owner,10,100,Hero
3364,30000,27000,First Owner,6,110,TVS
3365,15000,52391,First Owner,15,125,Hero
3366,8000,44030,Second Owner,15,125,Suzuki
3367,35000,47000,Second Owner,8,125,Bajaj
3369,149700,4000,First Owner,3,350,Royal Enfield
3370,100000,20821,Second Owner,4,400,Bajaj
3371,80000,2985,First Owner,5,220,Bajaj
3372,80000,12025,First Owner,3,160,Honda
3384,27000,30633,Second Owner,10,220,Bajaj
3385,55000,29550,First Owner,6,220,Bajaj
3386,85000,7504,Second Owner,7,500,Royal Enfield
3387,55000,53000,First Owner,9,350,Royal Enfield
3388,188600,10838,First Owner,4,390,KTM
3397,44000,29000,Second Owner,6,200,Bajaj
3398,18000,403833,First Owner,15,125,Bajaj
3427,135000,32000,First Owner,7,390,KTM
3428,110000,30000,First Owner,5,300,Mahindra
3440,92000,14289,First Owner,2,160,TVS
3441,183000,4866,First Owner,4,390,KTM
3442,25000,51848,First Owner,8,110,Honda
3443,15000,7500,Second Owner,12,100,Hero
3444,25000,14524,First Owner,10,180,Bajaj
3445,135000,8000,First Owner,4,350,Royal Enfield
3446,89000,28395,First Owner,10,350,Royal Enfield
3447,112500,5300,First Owner,5,200,Bajaj
3448,68000,12642,First Owner,3,150,Bajaj
3449,23000,61889,First Owner,7,100,Hero
3450,125000,13192,First Owner,4,400,Bajaj
3451,140000,5740,First Owner,6,500,Royal Enfield
3452,68000,23511,First Owner,4,220,Bajaj
3453,105000,14300,First Owner,3,250,Yamaha
3454,70000,38214,First Owner,10,350,Royal Enfield
3455,40000,40323,First Owner,7,150,Honda
3456,121000,9650,First Owner,4,400,Bajaj
3457,42000,33000,Second Owner,8,200,Bajaj
3458,18000,24710,First Owner,11,150,Hero
3459,90000,19500,First Owner,6,350,Royal Enfield
3460,104000,12000,First Owner,5,200,Bajaj
3461,13000,62517,First Owner,13,100,Hero
3462,135000,11514,First Owner,3,500,Royal Enfield
3464,98000,19398,First Owner,7,500,Royal Enfield
3465,115000,21500,First Owner,4,200,Bajaj
3466,26000,80293,Second Owner,9,220,Bajaj
3467,55000,6500,First Owner,4,150,Bajaj
3468,81100,12400,First Owner,3,160,Bajaj
3469,17000,51411,First Owner,11,150,Bajaj
3470,140000,6000,Second Owner,4,300,Mahindra
3471,310000,11000,First Owner,4,302,Benelli
3472,47000,31500,First Owner,5,220,Bajaj
3473,36000,24234,First Owner,7,160,TVS
3474,165000,8300,First Owner,3,400,Bajaj
3480,58000,52500,First Owner,6,200,Bajaj
3481,78000,2200,First Owner,4,160,Honda
3482,65000,216000,First Owner,8,150,Yamaha
3483,74000,24000,First Owner,5,220,Bajaj
3484,36000,9200,First Owner,6,125,Bajaj
3485,36000,24000,Second Owner,7,150,Honda
3486,45000,18000,Second Owner,5,150,Suzuki
3495,17500,32849,First Owner,18,110,TVS
3496,18000,25000,First Owner,11,135,Bajaj
3497,43000,10224,First Owner,5,100,Hero
3498,58000,28435,First Owner,6,220,Bajaj
3499,35000,10000,First Owner,5,100,Hero
3500,38000,24533,First Owner,6,125,Honda
3501,62000,25000,First Owner,6,200,Bajaj
3502,150000,3800,First Owner,5,200,KTM
3503,42000,8094,First Owner,6,150,Bajaj
3504,135000,8000,First Owner,5,200,KTM
3505,52000,8100,Second Owner,5,223,Hero
3506,37900,26500,First Owner,6,125,Honda
3507,25000,25000,First Owner,9,100,Bajaj
3508,250000,3000,First Owner,4,390,KTM
3509,92000,4000,First Owner,4,200,TVS
3510,42000,28100,First Owner,8,150,Bajaj
3511,125000,8300,First Owner,5,350,Royal Enfield
3512,82000,42000,First Owner,7,150,Yamaha
3513,169100,21800,First Owner,5,390,KTM
3514,155000,2000,First Owner,5,410,Royal Enfield
3515,17000,32031,First Owner,11,100,TVS
3516,31000,26000,First Owner,7,110,Honda
3517,49500,5000,First Owner,5,110,Hero
3518,14500,39023,First Owner,14,100,Bajaj
3519,150000,4000,First Owner,5,500,Royal Enfield
3520,155551,3450,First Owner,4,350,Royal Enfield
3521,76000,7500,First Owner,5,220,Bajaj
3522,29700,39000,First Owner,8,150,Yamaha
3523,112200,40,First Owner,7,350,Royal Enfield
3524,29000,21000,First Owner,7,125,Bajaj
3526,63499,18000,First Owner,11,350,Royal Enfield
3529,135000,14357,First Owner,6,200,KTM
3530,25999,17000,First Owner,7,100,Bajaj
3531,52000,3200,First Owner,4,100,Hero
3532,53100,30000,First Owner,7,200,Bajaj
3533,145000,18000,First Owner,4,350,Royal Enfield
3534,105600,9700,First Owner,7,350,Royal Enfield
3535,50200,13500,First Owner,4,110,Hero
3536,137300,15200,First Owner,5,350,Royal Enfield
3537,34200,25000,First Owner,6,125,Bajaj
3538,52000,19400,First Owner,7,220,Bajaj
3539,18158,44000,First Owner,13,180,Bajaj
3540,79450,3500,First Owner,4,160,TVS
3541,75000,11800,First Owner,5,220,Bajaj
3542,32000,20000,First Owner,9,150,Yamaha
3543,56500,20000,First Owner,6,220,Bajaj
3544,36000,26700,First Owner,10,150,Hero
3558,65000,26000,First Owner,9,150,Yamaha
3559,100000,18973,First Owner,7,350,Royal Enfield
3560,40000,45426,First Owner,6,150,Suzuki
3561,200000,5600,First Owner,2,200,KTM
3562,18000,37230,First Owner,12,100,Bajaj
3563,48500,26008,First Owner,4,150,Hero
3564,28000,52800,First Owner,8,110,Hero
3565,190000,9560,First Owner,4,250,Hyosung
3566,65000,15048,Second Owner,8,150,Yamaha
3567,34000,23722,First Owner,4,125,Bajaj
3568,37000,9581,First Owner,5,150,Bajaj
3569,30000,36000,First Owner,11,150,Bajaj
3570,120000,9236,First Owner,4,200,Bajaj
3571,30000,50000,First Owner,6,150,Bajaj
3572,25000,41055,First Owner,10,100,Hero
3573,92000,26500,First Owner,5,200,Bajaj
3574,70000,11052,First Owner,3,220,Bajaj
3575,47000,35000,First Owner,6,150,Yamaha
3576,48000,64831,First Owner,5,180,TVS
3577,35300,40000,First Owner,8,220,Bajaj
3578,100000,25000,First Owner,4,400,Bajaj
3579,140000,9019,First Owner,3,400,Bajaj
3608,41500,12986,Second Owner,7,150,Yamaha
3609,139000,22000,First Owner,7,250,Hyosung
3610,125000,51600,First Owner,6,390,KTM
3611,60000,16984,First Owner,7,150,Yamaha
3616,117000,13600,First Owner,3,350,Royal Enfield
3617,36500,17400,First Owner,3,100,Hero
3618,110000,28000,First Owner,3,200,Bajaj
3619,56000,20012,First Owner,4,220,Bajaj
3620,95000,12107,First Owner,5,350,Royal Enfield
3621,108900,25660,First Owner,9,500,Royal Enfield
3622,165000,484,First Owner,3,200,KTM
3623,75000,20000,First Owner,3,200,TVS
3624,85000,32000,First Owner,7,350,Royal Enfield
3625,17000,69234,First Owner,11,135,Bajaj
3626,250000,9400,First Owner,6,300,Kawasaki
3627,86000,12398,First Owner,3,250,Yamaha
3628,32000,33142,First Owner,5,110,TVS
3629,15000,68000,First Owner,16,150,Bajaj
3630,32000,15948,First Owner,4,100,Hero
3631,35000,11197,First Owner,3,100,Hero
3632,145000,14717,First Owner,4,500,Royal Enfield
3633,43100,28000,First Owner,9,200,Bajaj
3634,25000,58000,First Owner,8,100,Hero
3635,35000,32377,First Owner,5,110,Honda
3636,47800,18000,First Owner,3,150,Bajaj
3637,11000,58000,Fourth Owner Or More,14,150,Bajaj
3638,35000,22230,First Owner,6,100,Hero
3639,126000,6000,First Owner,4,350,Royal Enfield
3640,24000,35838,First Owner,6,110,Hero
3641,41000,7737,First Owner,5,150,Yamaha
3642,20000,26896,First Owner,9,125,Bajaj
3643,48300,3100,First Owner,7,150,Honda
3644,47000,45000,Second Owner,7,220,Bajaj
3645,23000,18114,First Owner,7,100,Hero
3646,25000,56675,First Owner,7,100,Bajaj
3647,16500,56113,First Owner,11,150,Yamaha
3655,65800,45000,First Owner,13,350,Royal Enfield
3656,225000,9007,First Owner,5,250,Hyosung
3657,109000,27721,First Owner,7,350,Royal Enfield
3658,92100,4446,First Owner,2,150,Yamaha
3659,40000,29000,First Owner,5,150,Hero
3660,90000,27922,First Owner,6,350,Royal Enfield
3661,170000,19000,First Owner,5,250,Hyosung
3662,83000,9090,First Owner,4,150,Suzuki
3663,133600,5666,First Owner,4,400,Bajaj
3691,113900,19500,First Owner,5,350,Royal Enfield
3692,63400,50000,First Owner,11,350,Royal Enfield
3693,155000,8790,First Owner,4,250,KTM
3694,29000,26076,First Owner,6,125,Yamaha
3695,32000,26090,First Owner,7,110,Hero
3696,68100,26500,First Owner,9,250,Honda
3697,100000,8942,First Owner,7,350,Royal Enfield
3698,51000,70000,First Owner,5,150,Bajaj
3699,104600,14000,First Owner,5,350,Royal Enfield
3700,84000,2110,First Owner,2,150,Yamaha
3701,150000,9500,First Owner,3,400,Bajaj
3702,26000,23188,First Owner,8,125,Hero
3703,125600,16000,First Owner,4,350,Royal Enfield
3704,40000,30500,First Owner,5,150,Bajaj
3705,80000,10647,First Owner,6,200,Bajaj
3724,49000,38470,First Owner,5,220,Bajaj
3725,102000,16631,Second Owner,7,250,Honda
3726,25000,50000,First Owner,6,110,Honda
3727,10000,33520,First Owner,16,150,Bajaj
3728,10000,30800,First Owner,12,125,TVS
3729,80600,4800,First Owner,4,150,Suzuki
3730,20000,38210,First Owner,10,180,Bajaj
3737,25000,45878,First Owner,11,100,Hero
3738,59000,12362,First Owner,4,150,Bajaj
3739,55000,13000,First Owner,8,223,Hero
3740,175000,4500,First Owner,4,350,Royal Enfield
3741,142000,26000,First Owner,5,410,Royal Enfield
3742,136000,5738,First Owner,3,200,KTM
3743,37500,15426,First Owner,6,110,Honda
3744,49500,10623,First Owner,4,110,Hero
3745,120000,13500,First Owner,5,350,Royal Enfield
3746,48000,43003,First Owner,9,220,Bajaj
3747,105000,22000,First Owner,5,350,Royal Enfield
3748,126000,9000,First Owner,4,200,KTM
3749,127000,32000,First Owner,5,500,Royal Enfield
3750,90000,6772,First Owner,7,150,Yamaha
3751,55000,40958,Second Owner,10,150,Yamaha
3770,80000,6000,First Owner,4,150,Suzuki
3771,40000,8975,First Owner,7,150,Suzuki
3772,67000,3600,First Owner,5,150,Bajaj
3773,88000,720,First Owner,4,150,Suzuki
3774,135000,11767,First Owner,5,350,Royal Enfield
3775,66800,8000,First Owner,5,200,Bajaj
3776,97500,25000,First Owner,8,350,Royal Enfield
3777,60000,34000,First Owner,7,220,Bajaj
3778,65200,12000,First Owner,6,220,Bajaj
3779,35000,22000,First Owner,6,125,Honda
3780,38000,7708,First Owner,4,150,Bajaj
3781,13000,64323,First Owner,11,125,Honda
3782,119000,9000,Second Owner,5,410,Royal Enfield
3783,65000,30000,First Owner,11,350,Royal Enfield
3784,165000,22876,First Owner,3,410,Royal Enfield
3785,170000,26000,First Owner,3,500,Royal Enfield
3786,12000,36000,First Owner,18,150,TVS
3787,100000,13869,Second Owner,5,350,Royal Enfield
3788,80000,22000,First Owner,3,250,Yamaha
3789,160000,14000,First Owner,6,500,Royal Enfield
3790,75000,13000,First Owner,5,200,KTM
3791,50000,30000,First Owner,4,150,Yamaha
3792,149292,17564,First Owner,2,300,Mahindra
3793,56000,29339,Third Owner,6,150,Yamaha
3794,345000,10619,First Owner,6,750,Harley-Davidson
3795,112600,21000,First Owner,4,200,KTM
3796,75000,55000,First Owner,6,350,Royal Enfield
3797,121000,18000,First Owner,4,250,Yamaha
3807,70000,16880,Second Owner,2,160,Bajaj
3808,62000,56000,Second Owner,10,350,Royal Enfield
3809,20000,42000,Second Owner,14,135,Bajaj
3810,95000,16932,First Owner,7,350,Royal Enfield
3811,382000,10000,First Owner,7,750,Harley-Davidson
3812,28000,40000,Second Owner,11,220,Bajaj
3813,70000,21000,First Owner,12,350,Royal Enfield
3814,20999,75000,First Owner,14,125,Hero
3815,40000,38700,First Owner,9,220,Bajaj
3816,55200,11000,First Owner,4,150,Bajaj
3817,72300,4727,First Owner,3,160,Bajaj
3818,78500,20500,First Owner,8,350,Royal Enfield
3819,65000,27000,First Owner,3,160,Honda
3820,37000,11701,First Owner,8,150,Honda
3821,45000,18000,First Owner,3,100,Hero
3836,100000,26000,First Owner,6,350,Royal Enfield
3837,16900,19300,First Owner,8,125,Bajaj
3838,54000,40000,Third Owner,8,150,Yamaha
3839,80000,13600,First Owner,4,220,Bajaj
3841,20333,35000,First Owner,8,110,Honda
3842,42000,30862,First Owner,5,180,TVS
3843,47400,13000,First Owner,8,150,Honda
3855,100000,47313,First Owner,9,350,Royal Enfield
3856,138000,5457,First Owner,5,500,Royal Enfield
3857,80000,17000,Second Owner,9,350,Royal Enfield
3858,25000,20000,First Owner,11,125,Hero
3859,59000,16000,First Owner,5,150,Bajaj
3860,85000,15891,First Owner,4,150,Suzuki
3861,135000,17600,First Owner,7,500,Royal Enfield
3862,35000,31006,First Owner,5,150,Bajaj
3863,110000,7193,First Owner,4,350,Royal Enfield
3864,90000,10195,First Owner,5,350,Royal Enfield
3865,105000,8179,First Owner,3,350,Royal Enfield
3866,70000,25000,First Owner,4,150,Honda
3867,22000,19385,First Owner,6,100,Bajaj
3868,32000,12315,First Owner,5,150,Bajaj
3869,35000,1909,First Owner,4,125,Honda
3870,20000,48782,First Owner,11,160,TVS
3871,130000,22705,First Owner,5,500,Royal Enfield
3872,41000,36000,First Owner,5,150,Hero
3873,27000,20999,First Owner,8,100,Hero
3874,47000,18415,First Owner,8,150,Yamaha
3875,31000,23019,First Owner,4,100,Bajaj
3876,23000,16230,First Owner,9,160,TVS
3877,37000,23691,First Owner,6,125,Honda
3878,15000,19170,First Owner,11,100,Bajaj
3879,22000,16592,First Owner,6,100,TVS
3880,38000,11408,First Owner,3,100,Bajaj
3881,33000,13478,First Owner,3,110,Bajaj
3882,55000,4195,First Owner,2,100,Hero
3883,22000,11381,First Owner,7,100,Hero
3884,45000,15665,First Owner,7,220,Bajaj
3885,79999,9200,First Owner,3,150,Suzuki
3886,61700,21000,First Owner,4,220,Bajaj
3887,40000,30711,Second Owner,9,200,Bajaj
3888,40000,32000,First Owner,6,150,Suzuki
3898,32000,15898,First Owner,5,100,Hero
3899,32000,25130,First Owner,5,100,Hero
3900,32000,9338,First Owner,5,100,Hero
3901,32000,25430,First Owner,7,100,Hero
3902,32000,36080,First Owner,11,223,Hero
3903,32000,16271,First Owner,5,100,Hero
3904,51000,18314,First Owner,7,160,TVS
3905,50000,22932,Second Owner,9,160,TVS
3906,50000,18229,First Owner,5,160,TVS
3907,47000,26000,First Owner,8,160,TVS
3908,38000,27350,First Owner,8,150,Bajaj
3909,38000,9370,First Owner,8,220,Bajaj
3910,37000,17663,First Owner,3,100,Bajaj
3911,36000,12000,First Owner,3,125,Bajaj
3912,35000,33505,First Owner,3,100,Bajaj
3913,35000,19374,First Owner,4,100,Bajaj
3914,34000,9660,First Owner,3,100,Bajaj
3915,34000,13000,First Owner,11,180,Bajaj
3916,34000,18000,First Owner,8,150,Bajaj
3917,21000,22681,First Owner,8,110,Mahindra
3918,30000,28785,First Owner,10,160,TVS
3919,29000,7000,First Owner,10,110,TVS
3920,26500,2342,First Owner,9,110,TVS
3921,180000,2000,First Owner,2,200,KTM
3922,26000,24000,First Owner,7,110,TVS
3923,23000,26802,First Owner,8,100,TVS
3924,38000,24956,First Owner,5,100,Hero
3925,38000,18945,First Owner,6,100,Hero
3926,37000,37880,First Owner,4,100,Hero
3927,35000,22061,First Owner,4,125,Honda
3928,35000,23298,First Owner,5,125,Honda
3929,34000,22430,First Owner,4,125,Honda
3930,49000,16152,First Owner,3,100,Hero
3931,49000,5469,First Owner,3,100,Hero
3932,48000,15000,First Owner,3,125,Hero
3933,46000,60078,First Owner,3,110,Hero
3934,45000,36344,First Owner,5,100,Hero
3935,31000,9000,First Owner,4,110,TVS
3936,70000,28112,First Owner,4,150,Suzuki
3937,19000,21878,First Owner,11,150,Yamaha
3938,20000,66386,First Owner,16,150,Bajaj
3939,33000,15127,First Owner,3,100,Bajaj
3940,155000,12900,First Owner,6,390,KTM
3941,20000,9100,First Owner,13,150,Honda
3942,52000,12322,First Owner,2,110,Honda
3943,60000,24000,First Owner,5,150,Suzuki
3944,14000,82289,First Owner,11,100,Bajaj
3945,18000,39363,First Owner,12,100,Bajaj
3946,90000,1406,First Owner,2,200,Hero
3947,29000,20440,First Owner,11,220,Bajaj
3948,80000,2700,First Owner,2,160,Bajaj
3949,15000,11065,Second Owner,12,100,Bajaj
3950,62000,2259,First Owner,2,125,Honda
3951,23000,29530,First Owner,4,100,Bajaj
3952,21000,18330,First Owner,10,135,Bajaj
3953,32000,21588,First Owner,5,150,Bajaj
3954,45000,21580,First Owner,7,150,Yamaha
3955,50000,18516,First Owner,3,150,Bajaj
3956,30000,21522,First Owner,5,100,Hero
3957,19800,18100,First Owner,11,100,Hero
3958,81300,25000,Second Owner,9,350,Royal Enfield
3959,50200,10000,First Owner,5,200,Bajaj
3960,35000,40271,First Owner,8,150,Yamaha
3961,40000,23800,First Owner,6,180,Bajaj
3962,33000,10051,First Owner,5,150,Bajaj
3963,47000,7787,First Owner,4,160,TVS
3964,25000,16803,First Owner,6,100,Hero
3965,32000,33487,First Owner,13,150,Yamaha
3966,39000,6000,First Owner,3,110,Bajaj
3967,33000,18204,First Owner,6,160,TVS
3968,50000,18235,First Owner,5,220,Bajaj
3969,90000,15255,First Owner,3,150,Suzuki
3970,35000,46000,First Owner,11,125,Honda
3971,22000,26083,First Owner,8,110,Hero
3972,43000,11930,First Owner,7,200,Bajaj
3973,28500,18748,First Owner,8,150,Yamaha
3974,31000,16789,First Owner,5,110,Honda
3975,24000,15780,First Owner,5,100,Bajaj
3976,24000,18710,First Owner,7,100,Bajaj
3977,24000,35720,First Owner,9,125,Bajaj
3978,23000,22173,First Owner,5,100,Bajaj
3979,23000,17904,First Owner,6,100,Bajaj
3980,23000,10597,First Owner,5,100,Bajaj
3981,22000,47853,First Owner,9,100,Bajaj
3982,21000,44770,First Owner,11,150,Bajaj
3983,19000,36526,First Owner,9,125,Bajaj
3984,18000,28709,First Owner,16,100,Bajaj
3985,16000,55000,First Owner,13,100,Bajaj
3986,16000,32791,First Owner,12,100,Bajaj
3987,31500,48568,Second Owner,10,223,Hero
3988,31500,18652,First Owner,8,110,Hero
3989,31000,17405,First Owner,6,100,Hero
3990,30500,22598,First Owner,8,100,Hero
3991,14000,21999,First Owner,14,100,Hero
3992,12000,35000,First Owner,15,100,Hero
3993,48500,28135,First Owner,7,220,Bajaj
3994,44000,42500,First Owner,7,220,Bajaj
3995,26000,17000,First Owner,11,125,Hero
3996,26000,19617,First Owner,6,100,Hero
3997,26000,13000,First Owner,10,100,Hero
3998,26000,14882,First Owner,7,100,Hero
3999,27000,25501,First Owner,6,100,Hero
4000,27000,17507,First Owner,7,100,Hero
4001,27000,20000,First Owner,7,100,Hero
4002,29500,18197,First Owner,5,100,Hero
4003,29000,20481,First Owner,15,100,Hero
4004,57000,1000,First Owner,3,125,Honda
4005,100000,21548,First Owner,5,300,Mahindra
4006,29500,18000,First Owner,10,100,Hero
4007,28000,13060,First Owner,10,100,Hero
4008,26500,20385,First Owner,10,100,Hero
4009,23000,21332,First Owner,10,100,Hero
4010,21000,20859,First Owner,10,100,Hero
4011,20500,48412,First Owner,9,100,Hero
4012,145000,19000,First Owner,5,250,Benelli
4013,60000,10212,First Owner,3,150,Bajaj
4014,60000,17962,First Owner,5,220,Bajaj
4015,40000,20000,First Owner,4,100,Hero
4016,22000,32600,First Owner,8,125,Honda
4017,17000,13010,First Owner,10,100,Hero
4018,80000,9895,First Owner,3,200,TVS
4019,31600,50000,First Owner,6,150,Bajaj
4020,71600,35000,Second Owner,6,150,Yamaha
4021,120000,4000,First Owner,3,200,Bajaj
4022,115700,2000,First Owner,4,150,Yamaha
4023,85000,3900,Second Owner,3,200,TVS
4024,34000,50000,Second Owner,7,150,Bajaj
4025,140000,12643,First Owner,5,500,Royal Enfield
4026,325000,4378,Second Owner,6,750,Harley-Davidson
4027,30000,29508,First Owner,8,125,Honda
4028,32000,59500,Third Owner,5,150,Suzuki
4029,26500,25000,First Owner,9,150,Honda
4030,42000,16000,First Owner,4,100,Hero
4031,18900,35000,Second Owner,12,100,Hero
4032,118000,8000,First Owner,6,500,Royal Enfield
4033,24000,18000,First Owner,8,100,Hero
4034,430000,600,First Owner,5,750,Harley-Davidson
4035,18000,22000,Second Owner,12,150,Bajaj
4036,40000,41355,First Owner,7,150,Yamaha
4037,51000,8972,First Owner,2,125,Honda
4038,70000,14550,First Owner,9,250,Honda
4039,170000,3000,First Owner,4,250,KTM
4040,30000,66016,First Owner,9,150,Hero
4041,145400,1980,First Owner,2,200,Bajaj
4042,35000,13330,First Owner,5,125,Bajaj
4043,65999,9999,First Owner,3,160,TVS
4044,100500,48000,First Owner,5,350,Royal Enfield
4045,39000,8870,First Owner,4,150,Bajaj
4046,27000,18661,First Owner,4,100,Hero
4047,71000,2700,First Owner,3,220,Bajaj
4048,28000,21605,First Owner,5,110,Honda
4049,28000,22444,First Owner,6,110,Honda
4050,28000,35719,First Owner,6,110,Honda
4051,28000,20776,First Owner,7,125,Honda
4052,28000,24990,First Owner,8,125,Honda
4053,26000,36250,First Owner,12,125,Honda
4054,55000,17000,First Owner,4,100,Hero
4055,55000,5238,First Owner,2,100,Hero
4056,37000,12500,First Owner,8,220,Bajaj
4057,33000,28422,First Owner,7,150,Yamaha
4058,33000,15388,First Owner,7,150,Yamaha
4059,32000,35000,First Owner,11,150,Yamaha
4060,30000,23500,First Owner,9,150,Yamaha
4061,28000,20555,First Owner,10,150,Yamaha
4062,100000,18239,First Owner,6,350,Royal Enfield
4063,33000,18677,First Owner,6,100,TVS
4064,25500,27272,First Owner,8,110,Honda
4065,58000,20000,First Owner,5,223,Hero
4066,66778,33962,First Owner,10,350,Royal Enfield
4067,124000,23000,First Owner,5,350,Royal Enfield
4068,135000,15000,Second Owner,7,390,KTM
4069,25000,22000,First Owner,13,180,Bajaj
4070,130000,3700,First Owner,6,500,Royal Enfield
4071,90000,17900,First Owner,6,350,Royal Enfield
4072,95000,17553,Second Owner,6,350,Royal Enfield
4073,30000,18516,First Owner,8,110,Honda
4074,29700,19500,First Owner,6,110,Honda
4075,70100,35000,Second Owner,9,350,Royal Enfield
4076,80000,10444,First Owner,6,350,Royal Enfield
4077,92000,10043,First Owner,4,350,Royal Enfield
4078,19000,16954,First Owner,9,100,Hero
4079,71000,26379,First Owner,11,350,Royal Enfield
4080,115000,18500,First Owner,4,350,Royal Enfield
4081,71000,14144,Second Owner,8,200,KTM
4082,45000,23910,First Owner,5,160,Honda
4084,152500,4700,First Owner,4,500,Royal Enfield
4086,70400,8400,First Owner,3,160,Bajaj
4087,42500,9300,First Owner,5,220,Bajaj
4088,110000,20844,First Owner,7,350,Royal Enfield
4089,107000,18443,First Owner,5,350,Royal Enfield
4090,113600,6000,First Owner,4,150,Yamaha
4091,23000,12152,First Owner,11,150,TVS
4092,15244,40320,First Owner,15,125,Hero
4093,30000,18000,First Owner,7,150,Yamaha
4094,75000,24700,First Owner,8,500,Royal Enfield
4095,32000,18880,First Owner,8,220,Bajaj
4096,65000,4500,First Owner,4,150,Honda
4097,50000,28640,Second Owner,7,150,Yamaha
4098,45000,33000,First Owner,7,135,Bajaj
4099,95000,7898,First Owner,4,250,Yamaha
4100,50000,24336,First Owner,4,150,Suzuki
4101,91161,8800,First Owner,7,350,Royal Enfield
4102,38000,26000,First Owner,9,180,Bajaj
4103,75000,23799,First Owner,15,350,Royal Enfield
4104,210000,1900,First Owner,2,390,KTM
4105,56000,7974,First Owner,4,160,Bajaj
4106,71000,5340,First Owner,3,150,Yamaha
4107,22500,40000,Second Owner,9,150,Yamaha
4108,94000,19869,First Owner,5,350,Royal Enfield
4109,102700,22000,First Owner,5,350,Royal Enfield
4110,107000,27000,First Owner,5,350,Royal Enfield
4111,330000,4200,First Owner,3,250,Hyosung
4112,23500,31374,First Owner,8,150,Yamaha
4113,62000,8010,First Owner,4,150,Yamaha
4114,38000,21249,First Owner,3,110,TVS
4115,18000,23650,First Owner,9,100,TVS
4116,55000,12944,First Owner,7,220,Bajaj
4117,105000,20000,First Owner,8,500,Royal Enfield
4118,118000,18331,First Owner,5,200,KTM
4119,26000,15508,First Owner,6,100,Bajaj
4120,37000,30334,Fourth Owner Or More,7,220,Bajaj
4121,48000,52904,Second Owner,14,350,Royal Enfield
4122,53000,18200,First Owner,5,220,Bajaj
4123,75000,30875,First Owner,7,350,Royal Enfield
4124,85000,7500,First Owner,3,200,TVS
4125,23000,14489,First Owner,4,110,Honda
4127,160000,7299,First Owner,4,350,Royal Enfield
4128,34000,18585,First Owner,6,110,Honda
4129,135000,7409,First Owner,4,500,Royal Enfield
4130,32000,25000,First Owner,5,110,Honda
4131,60000,20021,First Owner,5,220,Bajaj
4132,40000,15000,First Owner,6,180,Bajaj
4133,100000,17600,First Owner,6,390,KTM
4134,61000,64284,First Owner,8,200,KTM
4135,69500,9943,First Owner,2,150,Yamaha
4136,79000,18000,First Owner,5,200,Bajaj
4137,55000,4000,First Owner,4,150,Yamaha
4138,18000,39303,First Owner,13,180,Bajaj
4139,20500,32000,First Owner,10,150,Yamaha
4147,120000,24200,First Owner,4,400,Bajaj
4148,58690,20000,First Owner,5,150,Suzuki
4149,150000,11000,First Owner,4,400,Bajaj
4150,20000,52487,First Owner,12,160,TVS
4151,25000,23500,First Owner,6,110,Hero
4152,22000,17799,First Owner,5,100,Bajaj
4153,21000,57000,First Owner,10,125,Bajaj
4154,15000,35376,First Owner,11,100,TVS
4155,80900,19500,First Owner,6,200,Bajaj
4156,24000,26000,First Owner,8,100,Hero
4157,108000,29100,First Owner,6,350,Royal Enfield
4158,200000,14608,First Owner,3,200,KTM
4159,110000,24815,First Owner,4,350,Royal Enfield
4160,31000,12410,First Owner,7,100,Hero
4161,95000,9293,First Owner,6,150,Honda
4162,130000,6240,First Owner,5,200,KTM
4163,120000,10000,First Owner,4,200,KTM
4164,110000,13000,First Owner,4,200,KTM
4165,34000,39422,First Owner,6,100,Hero
4166,34000,18755,First Owner,5,100,Hero
4167,34000,22011,First Owner,7,100,Hero
4168,130000,4932,First Owner,4,350,Royal Enfield
4169,25500,19000,First Owner,10,100,Hero
4170,10005,32521,First Owner,13,125,Yamaha
4171,439000,2472,First Owner,5,750,Harley-Davidson
4172,32000,41000,First Owner,7,150,Bajaj
4173,32000,12889,First Owner,5,100,Hero
4174,32000,14604,First Owner,4,100,Hero
4183,31000,15700,First Owner,4,110,Hero
4184,35000,53005,First Owner,7,150,Yamaha
4186,78000,27300,First Owner,6,150,Honda
4190,35000,24635,First Owner,5,150,Bajaj
4191,43000,27135,Second Owner,5,150,Bajaj
4192,49000,29003,First Owner,4,150,Bajaj
4193,25000,16208,First Owner,5,100,TVS
4194,25000,17194,First Owner,4,100,TVS
4195,159500,1000,First Owner,5,410,Royal Enfield
4196,21000,20195,First Owner,5,125,Yamaha
4197,36000,8500,Second Owner,5,125,Honda
4198,75000,2452,First Owner,3,150,Suzuki
4199,192000,16000,First Owner,6,300,Benelli
4200,700000,285,First Owner,3,1000,Yamaha
4201,31500,33000,Second Owner,11,150,Yamaha
4202,83000,13800,Second Owner,7,350,Royal Enfield
4208,64000,20816,Second Owner,5,150,Bajaj
4209,137000,7500,First Owner,3,350,Royal Enfield
4210,50000,24419,First Owner,7,200,Bajaj
4211,54500,23833,First Owner,4,150,Suzuki
4212,45000,16445,First Owner,3,125,Hero
4213,43000,21000,First Owner,4,110,Hero
4214,43000,55000,First Owner,4,110,Hero
4215,18000,49692,First Owner,13,110,TVS
4216,36700,37861,First Owner,4,150,Bajaj
4217,62000,18500,First Owner,4,160,TVS
4219,79000,22000,First Owner,7,150,Yamaha
4228,55000,23000,First Owner,6,150,Suzuki
4229,35000,25063,First Owner,4,100,Hero
4230,35000,20375,First Owner,6,100,Hero
4231,33000,23873,First Owner,7,100,Hero
4232,23000,20931,First Owner,11,100,Hero
4233,82000,11000,First Owner,3,150,Suzuki
4234,50000,14000,First Owner,5,150,Suzuki
4235,150000,7555,First Owner,5,410,Royal Enfield
4238,36500,7086,First Owner,5,100,Hero
4239,36000,19253,First Owner,6,100,Hero
4240,36000,20494,First Owner,5,125,Hero
4241,166000,5150,First Owner,7,300,Kawasaki
4242,147700,4600,First Owner,4,400,Bajaj
4243,85000,4652,First Owner,4,200,TVS
4244,19000,43000,First Owner,13,100,Hero
4245,32000,70000,First Owner,10,180,Bajaj
4246,65000,80000,First Owner,5,220,Bajaj
4247,35000,60000,Second Owner,12,220,Bajaj
4248,100000,13829,First Owner,5,200,Bajaj
4249,66000,23000,First Owner,5,150,Yamaha
4250,110000,6800,First Owner,3,200,TVS
4251,51000,12000,First Owner,2,110,TVS
4252,22950,32494,Second Owner,3,110,Suzuki
4254,130000,30000,First Owner,6,500,Royal Enfield
4255,35000,93000,First Owner,13,150,Honda
4256,11500,28000,First Owner,15,100,Bajaj
4257,39000,1,Second Owner,10,100,Hero
4258,110000,32000,First Owner,7,500,Royal Enfield
4259,326000,10194,First Owner,6,650,Hyosung
4260,100000,10847,First Owner,7,350,Royal Enfield
4261,35000,21165,First Owner,4,100,Hero
4262,33000,22114,First Owner,7,100,Hero
4263,33000,10000,First Owner,7,100,Hero
4264,33000,19340,First Owner,7,110,Hero
4265,33000,16270,First Owner,5,100,Hero
4266,25000,13243,First Owner,6,100,Hero
4267,25000,18792,First Owner,6,100,Hero
4268,25000,19682,First Owner,10,100,Hero
4269,25000,15206,First Owner,8,125,Hero
4270,25000,21300,First Owner,10,100,Hero
4271,83000,14000,First Owner,3,150,Yamaha
4272,25000,32000,First Owner,9,100,Hero
4273,50000,27342,First Owner,5,150,Bajaj
4274,48000,45037,First Owner,6,180,Bajaj
4275,47000,25876,First Owner,5,150,Bajaj
4276,44000,20644,First Owner,5,150,Bajaj
4277,40000,48203,First Owner,5,150,Bajaj
4278,22000,16207,First Owner,8,100,Hero
4279,59000,11255,First Owner,5,150,Bajaj
4280,20000,18095,First Owner,9,125,Honda
4283,26000,18320,First Owner,5,100,Hero
4285,62000,24000,First Owner,5,150,Yamaha
4289,23000,22149,First Owner,8,160,TVS
4291,21000,32000,First Owner,7,135,Bajaj
4294,70500,33212,First Owner,6,200,Bajaj
4295,27000,19591,First Owner,8,223,Hero
4296,560000,12000,Second Owner,5,883,Harley-Davidson
4297,43000,7880,First Owner,4,125,Honda
4299,350000,26236,First Owner,6,750,Harley-Davidson
4300,62000,14000,First Owner,5,200,TVS
4301,24000,22654,First Owner,13,100,Hero
4302,22000,20595,First Owner,12,100,Hero
4303,16000,14914,First Owner,14,100,Hero
4304,16000,31327,First Owner,10,100,Hero
4305,15000,56800,First Owner,14,100,Hero
4306,40000,9200,First Owner,7,150,Bajaj
4307,32000,31000,First Owner,7,125,Honda
4308,31000,15149,Second Owner,6,110,Honda
4316,155000,17000,First Owner,5,535,Royal Enfield
4318,110000,9304,First Owner,4,200,Bajaj
4319,30000,9581,First Owner,5,150,Bajaj
4320,19000,17565,First Owner,7,100,Bajaj
4321,38000,5511,First Owner,3,100,Hero
4322,25800,13128,First Owner,5,100,Bajaj
4323,35500,11824,First Owner,3,100,Hero
4324,90000,19000,First Owner,5,200,Bajaj
4326,78000,15000,First Owner,3,200,Hero
4327,30000,20917,First Owner,9,100,Hero
4328,30000,21917,First Owner,5,100,Hero
4329,25000,17870,First Owner,7,100,Bajaj
4330,75000,25483,First Owner,3,220,Bajaj
4331,34000,19318,First Owner,5,100,Hero
4332,20000,55562,First Owner,8,110,Honda
4333,74000,47518,First Owner,11,500,Royal Enfield
4334,31000,20135,First Owner,10,100,Hero
4335,26000,28024,First Owner,7,100,Hero
4336,26000,19152,First Owner,8,100,Hero
4337,34000,16306,First Owner,5,100,Hero
4338,76000,22749,First Owner,6,350,Royal Enfield
4339,32000,24720,First Owner,5,100,Hero
4340,18000,22342,First Owner,7,100,Bajaj
4341,30000,50000,Second Owner,8,135,Bajaj
4342,50000,18000,First Owner,5,150,Bajaj
4343,90000,18100,First Owner,4,250,Yamaha
4344,65000,21000,First Owner,6,150,Yamaha
4345,98100,17000,First Owner,7,500,Royal Enfield
4346,25000,12000,First Owner,9,125,Bajaj
4347,52000,36226,First Owner,5,150,Yamaha
4348,17000,30965,First Owner,11,150,Bajaj
4349,75000,18000,First Owner,3,160,Honda
4350,18500,23580,First Owner,12,135,Bajaj
4351,20500,25280,Second Owner,10,150,Hero
4352,39500,14243,First Owner,6,100,Hero
4353,39000,21534,First Owner,5,100,Hero
4354,39000,23000,First Owner,6,100,Hero
4355,20000,35500,First Owner,10,150,Hero
4356,39000,20000,First Owner,4,125,Hero
4357,39000,21000,First Owner,7,125,Hero
4358,20000,19440,First Owner,11,100,Hero
4359,39000,13000,First Owner,4,100,Hero
4360,68500,28200,Second Owner,16,350,Royal Enfield
4361,170000,13000,First Owner,3,390,KTM
4362,26000,10700,First Owner,12,150,Yamaha
4363,22500,20632,First Owner,11,150,Yamaha
4364,20000,35173,First Owner,9,150,Yamaha
4365,18700,10546,First Owner,9,150,Yamaha
4366,15000,13336,First Owner,10,150,Yamaha
4367,90000,2672,First Owner,2,160,TVS
4368,86000,12000,First Owner,3,180,TVS
4369,78000,23918,First Owner,5,200,TVS
4370,75000,5771,First Owner,3,160,TVS
4371,68000,11123,First Owner,5,160,TVS
4372,115000,17318,First Owner,6,350,Royal Enfield
4373,115000,8252,First Owner,3,350,Royal Enfield
4374,110000,21000,First Owner,6,350,Royal Enfield
4375,28000,33632,First Owner,7,125,Hero
4376,28000,32827,First Owner,8,100,Hero
4377,28000,14651,First Owner,6,100,Hero
4378,28000,32047,First Owner,7,100,Hero
4380,28000,20000,First Owner,10,100,Hero
4381,28000,21477,First Owner,8,100,Hero
4382,22000,22000,First Owner,9,135,Bajaj
4383,58000,11258,First Owner,3,160,TVS
4384,80000,1700,First Owner,3,150,Suzuki
4385,20000,20863,First Owner,10,100,Hero
4386,19000,10887,First Owner,7,125,Bajaj
4387,15000,20634,First Owner,12,100,Hero
4388,54000,3300,First Owner,3,100,Hero
4389,52000,2780,First Owner,3,100,Hero
4417,15500,18758,First Owner,11,100,Hero
4418,75000,2500,First Owner,4,150,Suzuki
4419,60000,18800,First Owner,4,150,Bajaj
4420,110000,36883,First Owner,6,500,Royal Enfield
4421,103000,23705,First Owner,4,350,Royal Enfield
4422,157000,12400,First Owner,3,200,KTM
4423,220000,13000,Second Owner,5,300,Benelli
4424,39500,14268,First Owner,2,110,Bajaj
4425,28000,18785,First Owner,4,110,TVS
4426,13000,35308,First Owner,14,125,Bajaj
4427,31000,24869,First Owner,5,150,Bajaj
4428,60000,12313,First Owner,7,150,Yamaha
4429,33000,12552,First Owner,8,125,Honda
4430,33000,22317,First Owner,8,125,Honda
4431,38000,24029,First Owner,5,125,Honda
4432,123000,8600,First Owner,5,350,Royal Enfield
4433,115000,8536,First Owner,5,350,Royal Enfield
4434,42000,11624,First Owner,3,100,Hero
4435,42000,30000,First Owner,5,100,Hero
4436,42000,11000,First Owner,4,110,Hero
4437,40000,20770,First Owner,5,100,Hero
4438,40000,33516,First Owner,4,100,Hero
4439,40000,18000,First Owner,6,100,Hero
4440,40000,14339,First Owner,5,100,Hero
4441,40000,16123,First Owner,4,100,Hero
4497,121000,20000,First Owner,4,350,Royal Enfield
4498,72700,14000,First Owner,5,220,Bajaj
4499,15000,40000,First Owner,11,150,Honda
4500,20000,25121,First Owner,11,150,Yamaha
4501,78000,32484,First Owner,6,200,KTM
4502,100000,9300,First Owner,8,390,KTM
4503,97000,38369,First Owner,6,350,Royal Enfield
4504,33000,15000,First Owner,5,100,Bajaj
4505,31500,19000,First Owner,10,180,Bajaj
4506,19000,71359,Second Owner,13,160,TVS
4507,29900,43000,Second Owner,11,223,Hero
4508,20500,52000,First Owner,11,135,Bajaj
4510,150000,2900,First Owner,3,350,Royal Enfield
4511,105000,28000,First Owner,5,350,Royal Enfield
4512,41000,4544,First Owner,2,100,Hero
4513,20500,50444,First Owner,10,150,Hero
4514,68000,18568,First Owner,5,220,Bajaj
4515,120000,9219,First Owner,3,350,Royal Enfield
4516,21000,26238,First Owner,6,100,Bajaj
4517,18500,96142,First Owner,10,160,TVS
4518,18000,17701,First Owner,11,100,Hero
4519,92000,17426,First Owner,5,350,Royal Enfield
4531,48900,24200,First Owner,6,160,Honda
4532,77000,5700,First Owner,4,150,Yamaha
4533,115000,25468,First Owner,8,250,Honda
4534,60300,100000,First Owner,14,350,Royal Enfield
4535,61000,11783,First Owner,14,350,Royal Enfield
4536,155000,9000,First Owner,6,535,Royal Enfield
4537,75000,16051,First Owner,3,150,Yamaha
4538,25000,14649,First Owner,6,100,Hero
4539,60000,31509,Second Owner,10,250,Honda
4541,72000,22687,Second Owner,8,350,Royal Enfield
4542,32000,41759,First Owner,11,125,Honda
4543,50400,37500,First Owner,5,160,Honda
4544,155000,2900,First Owner,2,350,Royal Enfield
4545,170000,3334,First Owner,3,500,Royal Enfield
4547,36700,47000,First Owner,8,180,TVS
4548,48000,14600,Second Owner,6,220,Bajaj
4549,124000,10168,First Owner,5,390,KTM
4550,16000,19285,First Owner,12,100,Hero
4551,112000,12552,First Owner,3,350,Royal Enfield
4552,17500,22002,First Owner,11,100,Hero
4553,64400,12000,First Owner,3,180,Bajaj
4569,100000,13154,First Owner,5,300,Mahindra
4571,12000,70000,First Owner,16,125,Bajaj
4572,37000,29000,First Owner,4,100,Hero
4573,65000,32000,First Owner,7,200,Bajaj
4574,48400,14500,First Owner,4,150,Bajaj
4577,21000,15705,First Owner,4,100,Bajaj
4579,90000,50000,First Owner,12,350,Royal Enfield
4580,40000,62000,First Owner,5,150,Yamaha
4581,40000,8241,First Owner,9,160,TVS
4582,154000,3749,First Owner,4,390,KTM
4583,26000,67527,First Owner,8,150,Yamaha
4584,200000,25000,First Owner,4,390,KTM
4585,35000,40000,Second Owner,24,135,Yamaha
4586,24800,38000,First Owner,8,180,Bajaj
4597,500000,5600,Second Owner,6,865,Triumph
4598,70000,28411,First Owner,7,500,Royal Enfield
4599,25000,20322,First Owner,10,125,Honda
4600,65949,25931,Second Owner,5,200,TVS
4601,16000,14536,First Owner,7,125,Bajaj
4602,120000,26000,Second Owner,5,250,Benelli
4603,96000,20755,First Owner,5,350,Royal Enfield
4604,47000,23467,First Owner,3,110,Honda
4605,11000,30502,First Owner,14,150,Bajaj
4606,25000,14319,First Owner,4,100,Bajaj
4607,23000,28895,First Owner,8,100,TVS
4608,83000,36083,First Owner,7,390,KTM
4609,32000,41905,First Owner,7,100,Hero
4610,65300,23235,First Owner,7,150,Yamaha
4611,95000,15080,First Owner,5,350,Royal Enfield
4612,19000,20089,First Owner,7,100,Bajaj
4613,18000,15580,First Owner,7,100,Bajaj
4614,24000,18294,First Owner,8,125,Honda
4615,19000,15001,First Owner,8,100,Bajaj
4616,171125,10000,First Owner,5,390,KTM
4617,170000,3100,First Owner,4,350,Royal Enfield
4618,24000,6087,First Owner,4,100,Bajaj
4619,20000,62505,First Owner,8,150,Bajaj
4620,23000,40000,First Owner,8,110,Mahindra
4621,31900,64000,First Owner,8,220,Bajaj
4624,21000,23824,First Owner,8,100,Hero
4625,23000,15660,First Owner,6,110,Honda
4627,104100,35000,First Owner,11,500,Royal Enfield
4628,16000,78370,First Owner,10,150,Hero
4629,14700,80000,Second Owner,14,223,Hero
4630,90000,15437,First Owner,7,350,Royal Enfield
4631,33000,10000,First Owner,4,100,Hero
4632,20000,25000,Second Owner,11,100,Hero
4633,24500,24182,First Owner,10,110,Honda
4634,17000,59162,Third Owner,9,135,Bajaj
4636,22000,25000,First Owner,16,160,Hero
4637,260000,4459,First Owner,4,250,Hyosung
4639,24000,24593,First Owner,8,100,Hero
4640,150000,16000,First Owner,5,250,Benelli
4641,67474,13000,First Owner,3,220,Bajaj
4642,140000,8300,First Owner,4,500,Royal Enfield
4643,117300,31000,First Owner,6,350,Royal Enfield
4644,119200,12224,First Owner,4,350,Royal Enfield
4645,89889,3000,First Owner,11,350,Royal Enfield
4646,97000,15449,First Owner,5,200,KTM
4647,21000,13000,First Owner,4,100,Bajaj
4648,90400,9300,First Owner,7,350,Royal Enfield
4649,27000,16500,First Owner,9,150,Bajaj
4650,120000,10500,First Owner,5,350,Royal Enfield
4651,9000,73000,First Owner,17,100,Bajaj
4652,28950,27000,First Owner,10,150,Honda
4653,16500,19276,First Owner,11,100,Hero
4654,52000,26329,First Owner,5,220,Bajaj
4655,194000,9000,First Owner,4,390,KTM
4656,8000,21493,First Owner,16,125,Bajaj
4657,500000,200,First Owner,4,750,Harley-Davidson
4658,43999,9900,First Owner,5,110,Honda
4659,105000,19829,First Owner,4,410,Royal Enfield
4660,140000,27000,Third Owner,7,250,Hyosung
4661,16000,22000,Second Owner,18,100,Hero
4663,130000,14000,Second Owner,4,400,Bajaj
4664,41000,120000,First Owner,17,350,Royal Enfield
4665,90000,27445,First Owner,5,350,Royal Enfield
4666,47000,44000,First Owner,8,150,Honda
4667,25000,51917,First Owner,6,110,Honda
4668,65000,26545,First Owner,9,200,KTM
4671,32000,22221,First Owner,5,100,Hero
4672,21000,32706,First Owner,10,150,Hero
4673,32000,27176,Second Owner,6,223,Hero
4674,50000,11067,First Owner,5,220,Bajaj
4675,41000,20050,First Owner,4,100,Hero
4676,20000,60000,First Owner,14,100,Hero
4677,73700,18000,First Owner,9,350,Royal Enfield
4678,60000,40000,First Owner,15,350,Royal Enfield
4679,104300,25276,First Owner,3,200,TVS
4680,57000,4178,Second Owner,10,350,Royal Enfield
4681,75000,22000,Third Owner,10,350,Royal Enfield
4683,40000,12222,First Owner,8,150,Honda
4684,42000,12000,First Owner,7,150,Yamaha
4686,160000,11525,First Owner,4,200,KTM
4687,43000,36000,First Owner,5,150,Hero
4688,22000,27400,First Owner,12,150,Bajaj
4689,10000,43000,First Owner,15,110,TVS
4691,65500,7347,First Owner,10,350,Royal Enfield
4692,34000,40000,First Owner,11,200,Bajaj
4693,83000,3810,First Owner,2,150,Yamaha
4694,34000,25000,First Owner,9,150,Hero
4695,21000,61249,First Owner,9,150,Hero
4696,21000,46019,First Owner,9,150,Hero
4697,82001,11271,First Owner,9,350,Royal Enfield
4698,69000,26530,First Owner,10,350,Royal Enfield
4699,23698,48000,First Owner,10,100,Hero
4700,20000,22000,First Owner,6,150,Bajaj
4701,330000,14000,Third Owner,6,750,Harley-Davidson
4702,30000,19546,First Owner,8,100,Hero
4703,111400,13600,First Owner,6,390,KTM
4704,95000,5909,First Owner,7,535,Royal Enfield
4705,200000,6500,First Owner,3,390,KTM
4706,120000,40700,First Owner,6,390,KTM
4707,130000,8000,Third Owner,6,390,KTM
4708,75000,41007,First Owner,8,250,Honda
4709,110700,14600,Second Owner,5,250,Benelli
4710,28000,23266,First Owner,9,150,Bajaj
4711,146000,381,First Owner,2,295,Jawa
4712,69500,19927,First Owner,7,350,Royal Enfield
4713,15000,47580,First Owner,11,150,Bajaj
4714,50000,20084,Second Owner,4,160,Honda
4715,160000,18000,First Owner,3,200,KTM
4716,75000,27030,First Owner,4,200,TVS
4717,24000,24500,First Owner,7,100,Hero
4718,27000,22493,First Owner,7,100,Hero
4719,30000,21000,First Owner,7,110,Honda
4720,350000,8600,First Owner,7,750,Harley-Davidson
4721,18000,7276,First Owner,8,110,Honda
4722,35000,30947,First Owner,4,110,Hero
4723,23500,27500,First Owner,11,150,Yamaha
4724,25000,5000,First Owner,10,150,Yamaha
4725,950000,21000,First Owner,8,1300,Suzuki
4726,9000,50000,First Owner,16,100,Bajaj
4727,172000,3165,First Owner,2,410,Royal Enfield
4728,230000,285,First Owner,5,250,Hyosung
4729,21500,43500,First Owner,6,110,Mahindra
4734,56000,15131,First Owner,6,150,Honda
4736,52000,4610,First Owner,3,100,Hero
4738,20000,60000,First Owner,10,125,Hero
4739,46000,50000,First Owner,4,150,Yamaha
4740,246800,4500,First Owner,5,320,Yamaha
4741,46000,30500,First Owner,7,200,Bajaj
4742,63000,10613,First Owner,8,350,Royal Enfield
4743,7500,100000,Second Owner,16,135,Hero
4744,44000,13138,First Owner,4,150,Bajaj
4745,42000,58000,First Owner,5,220,Bajaj
4746,54200,33750,First Owner,5,220,Bajaj
4747,35000,17325,First Owner,7,150,Yamaha
4748,80000,45000,First Owner,18,350,Royal Enfield
4749,53214,15492,First Owner,2,110,Honda
4750,40000,29697,First Owner,4,100,Hero
4751,18800,72000,First Owner,10,125,Bajaj
4752,41000,38133,First Owner,5,150,Suzuki
4753,37000,24259,Second Owner,5,150,Suzuki
4754,31000,37594,Third Owner,6,160,TVS
4755,17000,40155,Third Owner,14,223,Hero
4756,140000,37000,Second Owner,5,390,KTM
4757,58000,14560,First Owner,7,150,Yamaha
4758,94038,18871,First Owner,4,350,Royal Enfield
4759,90000,31600,First Owner,6,350,Royal Enfield
4760,91804,300965,First Owner,7,350,Royal Enfield
4761,104700,26000,First Owner,7,350,Royal Enfield
4762,73000,31254,First Owner,6,350,Royal Enfield
4763,65000,13441,Second Owner,8,350,Royal Enfield
4764,50000,33500,First Owner,7,200,Bajaj
4765,850000,285,First Owner,3,1000,Yamaha
4766,52000,16229,First Owner,4,150,Yamaha
4767,33000,15557,First Owner,8,150,Bajaj
4768,100000,23090,First Owner,5,350,Royal Enfield
4769,329000,3252,Second Owner,7,650,Kawasaki
4770,47800,4800,First Owner,4,100,Hero
4771,30000,40000,First Owner,13,160,TVS
4772,25000,17799,First Owner,6,110,Hero
4773,35000,26796,First Owner,6,150,Suzuki
4774,82000,15000,First Owner,6,500,Royal Enfield
4775,20457,43000,Second Owner,8,150,Hero
4776,550000,20000,First Owner,6,883,Harley-Davidson
4777,27000,15000,First Owner,9,150,Bajaj
4778,22000,65000,First Owner,9,180,TVS
4779,21300,45000,First Owner,11,135,Bajaj
4780,178300,2100,First Owner,4,400,Bajaj
4782,10000,50745,First Owner,12,125,Bajaj
4785,170000,3805,First Owner,7,300,Kawasaki
4787,140000,1121,First Owner,3,350,Royal Enfield
4788,160000,8000,First Owner,4,250,KTM
4789,30000,28586,First Owner,5,100,Hero
4790,83000,25933,Second Owner,6,200,KTM
4791,125000,27400,First Owner,4,400,Bajaj
4793,75000,36670,First Owner,9,250,Honda
4795,44600,50000,First Owner,5,150,Yamaha
4796,32000,8500,First Owner,9,150,Yamaha
4797,289000,18000,Second Owner,7,650,Kawasaki
4798,18000,17989,First Owner,11,100,Hero
4799,35000,15000,First Owner,5,100,Bajaj
4800,30000,27000,First Owner,12,150,Yamaha
4801,280000,20785,First Owner,6,650,Kawasaki
4802,85000,11766,First Owner,8,350,Royal Enfield
4803,34000,23188,First Owner,5,125,Hero
4804,15000,27599,First Owner,9,150,Hero
4805,12000,14333,First Owner,10,110,TVS
4806,34000,12580,First Owner,8,150,Yamaha
4807,18000,67714,First Owner,7,125,Bajaj
4828,950000,4600,First Owner,4,1200,Triumph
4829,22000,13496,First Owner,3,100,Bajaj
4830,40000,47486,Second Owner,11,150,Yamaha
4831,14500,78882,First Owner,18,100,Hero
4832,49000,21000,First Owner,6,223,Hero
4833,28000,23000,First Owner,10,110,Honda
4834,263000,1178,First Owner,2,390,KTM
4835,62000,40000,Second Owner,9,250,Honda
4836,65300,40000,First Owner,6,150,Yamaha
4837,39000,29570,Third Owner,12,150,Yamaha
4838,65000,27909,First Owner,7,150,Yamaha
4839,38000,23497,First Owner,5,100,Hero
4840,45000,21000,First Owner,4,150,Bajaj
4841,45000,25000,First Owner,5,160,TVS
4842,32600,23500,First Owner,7,150,Yamaha
4843,119000,8699,First Owner,4,350,Royal Enfield
4844,150000,4900,First Owner,4,350,Royal Enfield
4845,37500,20192,First Owner,5,125,Honda
4846,17000,33000,First Owner,11,100,Hero
4847,95000,14000,First Owner,3,200,TVS
4848,34500,26383,First Owner,4,100,Bajaj
4849,75000,48000,First Owner,5,150,Yamaha
4850,140000,9465,First Owner,4,250,KTM
4851,45000,20431,First Owner,7,160,TVS
4852,36000,18988,First Owner,6,100,Hero
4853,130000,5300,First Owner,3,350,Royal Enfield
4854,11000,52000,First Owner,14,100,TVS
4855,22000,18000,First Owner,8,100,Hero
4856,23000,174638,First Owner,14,150,TVS
4857,29000,35200,First Owner,11,150,Yamaha
4858,46000,12974,First Owner,4,110,Honda
4859,35000,24000,First Owner,9,150,Yamaha
4860,55000,19309,First Owner,5,150,Bajaj
4861,44000,21460,First Owner,7,150,Yamaha
4862,28000,25639,First Owner,9,110,TVS
4863,24000,45238,First Owner,10,100,Hero
4864,1800000,2600,First Owner,4,1000,BMW
4870,24000,36244,First Owner,7,100,Hero
4871,901000,25000,First Owner,4,1000,Kawasaki
4872,47000,59718,First Owner,10,150,Yamaha
4873,50000,26408,First Owner,11,150,Yamaha
4874,38500,22464,First Owner,5,100,Hero
4875,88900,21000,First Owner,7,200,KTM
4876,60000,26132,First Owner,6,220,Bajaj
4877,25200,21000,First Owner,5,100,Bajaj
4878,83000,25000,First Owner,6,350,Royal Enfield
4879,75000,29000,First Owner,8,200,KTM
4880,287500,17500,First Owner,5,250,Hyosung
4881,23500,43100,First Owner,11,150,Bajaj
4882,118000,14000,First Owner,5,200,KTM
4883,130000,17800,First Owner,5,200,KTM
4884,58000,66650,Second Owner,9,350,Royal Enfield
4885,39500,24500,First Owner,12,200,Bajaj
4886,59900,32000,First Owner,5,180,TVS
4890,25000,24000,First Owner,11,100,Hero
4891,24000,20000,First Owner,10,150,Honda
4892,20000,53190,First Owner,10,180,Bajaj
4893,24000,21169,Second Owner,5,100,Hero
4894,130000,5123,First Owner,3,350,Royal Enfield
4895,75000,5500,First Owner,5,220,Bajaj
4896,60000,10703,First Owner,4,150,Honda
4897,615000,17500,Third Owner,6,800,Kawasaki
4898,27000,26000,First Owner,8,125,Honda
4899,26000,18000,First Owner,7,125,Honda
4900,30856,26403,First Owner,7,110,Hero
4901,25000,38000,First Owner,10,125,Hero
4903,1100000,2510,First Owner,3,1200,Ducati
4904,35900,15000,Second Owner,6,150,Suzuki
4905,19000,20090,Second Owner,10,150,Bajaj
4909,88400,22500,First Owner,6,350,Royal Enfield
4910,130000,5900,First Owner,4,350,Royal Enfield
4912,285000,4500,First Owner,2,650,Royal Enfield
4913,165000,5799,First Owner,4,350,Royal Enfield
4915,60000,28000,First Owner,9,350,Royal Enfield
4916,65000,20000,First Owner,4,150,Honda
4917,900000,8000,Second Owner,5,1050,Triumph
4918,46000,49994,First Owner,9,150,Yamaha
4919,19000,17999,First Owner,9,150,Yamaha
4920,9400,70000,Second Owner,12,125,Yamaha
4921,26000,34000,First Owner,8,150,Yamaha
4922,6400,100000,First Owner,18,150,Bajaj
4923,6700,81000,First Owner,17,150,Bajaj
4924,52800,22000,First Owner,4,150,Yamaha
4925,54000,5020,Second Owner,4,150,Yamaha
4926,35000,18227,First Owner,9,150,Yamaha
4927,9000,62135,Second Owner,13,150,Hero
4928,590000,6985,First Owner,4,797,Ducati
4929,40000,24134,First Owner,4,110,Honda
4930,60000,14525,First Owner,3,160,TVS
4931,165000,11500,First Owner,4,500,Royal Enfield
4932,28400,18958,First Owner,5,110,Honda
4933,21000,50000,First Owner,7,150,Bajaj
4935,16000,35000,First Owner,12,100,Hero
4939,30000,42175,First Owner,8,160,TVS
4941,121400,18500,First Owner,6,500,Royal Enfield
4942,110000,23350,First Owner,7,500,Royal Enfield
4943,53000,14432,First Owner,4,160,Honda
4944,34000,5400,First Owner,5,100,TVS
4945,200000,11700,First Owner,4,390,KTM
4946,25000,35000,First Owner,8,125,Hero
4947,38000,12250,First Owner,10,150,Yamaha
4948,175000,10880,First Owner,4,390,KTM
4949,90000,2463,First Owner,3,220,Bajaj
4950,550000,18500,Third Owner,8,800,Kawasaki
4951,27000,61421,First Owner,8,100,Hero
4952,50000,15600,First Owner,5,150,Suzuki
4956,66000,26592,First Owner,4,220,Bajaj
4957,486000,2600,First Owner,5,750,Harley-Davidson
4958,60000,52000,First Owner,8,150,Yamaha
4959,55000,5200,First Owner,2,110,Bajaj
4960,4400,55000,First Owner,16,110,LML
4961,34000,21163,First Owner,4,100,Hero
4962,450000,1000,First Owner,7,750,Harley-Davidson
4963,81000,39865,First Owner,6,350,Royal Enfield
4964,175000,34000,First Owner,4,390,KTM
4965,83000,49000,Second Owner,7,350,Royal Enfield
4966,25000,12537,First Owner,6,100,Hero
4967,40000,52000,First Owner,5,150,Suzuki
4968,35000,13328,First Owner,4,100,Hero
4969,54500,14000,First Owner,6,200,Bajaj
4970,20700,32340,First Owner,7,100,Bajaj
4971,90000,31074,First Owner,8,250,Honda
4972,78400,23180,Second Owner,8,250,Honda
4973,381700,2000,First Owner,6,750,Harley-Davidson
4974,198599,930,First Owner,3,250,KTM
4975,223000,400,First Owner,3,295,Jawa
4976,32000,43000,First Owner,6,100,Hero
4977,69000,3542,First Owner,3,220,Bajaj
4979,45000,18000,First Owner,5,160,TVS
4980,23000,18000,First Owner,9,100,Bajaj
4981,51000,39766,First Owner,7,220,Bajaj
4982,36000,21657,First Owner,9,160,TVS
4983,145500,33486,First Owner,4,350,Royal Enfield
4994,33000,5188,First Owner,6,135,Bajaj
4995,21316,39000,First Owner,11,135,Bajaj
4996,110000,15400,First Owner,4,500,Royal Enfield
4997,36000,17000,Second Owner,4,100,Hero
4998,115000,13797,First Owner,4,400,Bajaj
4999,82000,15418,Second Owner,10,350,Royal Enfield
5000,20000,73317,Second Owner,13,223,Hero
5001,96300,28000,First Owner,9,350,Royal Enfield
5002,97000,41211,First Owner,7,350,Royal Enfield
5003,85000,24592,First Owner,10,350,Royal Enfield
5004,47600,18000,First Owner,4,110,Honda
5005,33000,15250,First Owner,9,150,Honda
5006,19000,26527,First Owner,16,100,Bajaj
5007,10000,35000,Second Owner,11,110,TVS
5008,101697,7734,First Owner,4,200,Bajaj
5009,48000,54990,First Owner,6,220,Bajaj
5010,46500,16540,Second Owner,6,220,Bajaj
5011,10000,37066,Second Owner,16,100,Bajaj
5012,39000,52000,First Owner,6,125,Hero
5013,35000,24000,First Owner,11,150,Honda
5014,135000,9600,First Owner,5,410,Royal Enfield
5015,24000,65000,First Owner,11,125,Hero
5016,378000,13000,First Owner,8,883,Harley-Davidson
5017,68000,23,Third Owner,39,250,Yezdi
5018,45000,18611,First Owner,5,180,TVS
5019,40000,3443,First Owner,6,220,Bajaj
5020,32000,10576,First Owner,8,220,Bajaj
5021,104400,41000,First Owner,5,350,Royal Enfield
5022,38000,25000,First Owner,6,150,Suzuki
5023,61000,5250,First Owner,3,100,Hero
5024,107000,5000,First Owner,3,300,Mahindra
5025,100400,5300,First Owner,6,200,Bajaj
5026,109000,13110,Second Owner,5,500,Royal Enfield
5027,40362,14653,First Owner,6,150,Suzuki
5028,13000,65000,First Owner,14,100,Hero
5029,130000,23400,First Owner,4,400,Bajaj
5030,70000,25240,First Owner,6,200,Bajaj
5031,120000,13560,First Owner,4,350,Royal Enfield
5032,42000,26839,First Owner,3,100,Hero
5033,13500,50000,First Owner,10,110,Honda
5034,70000,10000,Third Owner,4,223,Hero
5035,35000,35020,First Owner,5,150,Bajaj
5036,80000,42173,First Owner,5,200,Bajaj
5037,105000,28000,First Owner,6,200,KTM
5038,42000,12000,First Owner,4,150,Bajaj
5039,20000,36903,First Owner,12,150,Bajaj
5040,61500,15264,First Owner,4,220,Bajaj
5041,190000,6000,First Owner,3,310,TVS
5042,75000,18304,First Owner,4,200,TVS
5043,40000,17038,First Owner,5,150,Bajaj
5044,35000,23297,Second Owner,5,150,Bajaj
5045,24500,51999,First Owner,7,125,Honda
5046,60000,7312,First Owner,2,150,Bajaj
5047,143000,2963,First Owner,3,200,KTM
5048,20000,20000,First Owner,14,160,TVS
5049,35000,47000,First Owner,10,150,Bajaj
5050,95000,9000,First Owner,6,350,Royal Enfield
5051,28000,47098,First Owner,9,223,Hero
5052,45000,17900,First Owner,5,150,Bajaj
5053,25000,14002,Second Owner,10,100,Hero
5054,75000,24203,First Owner,7,350,Royal Enfield
5055,98000,28026,First Owner,5,200,Bajaj
5056,12800,50000,First Owner,13,150,Hero
5057,198000,5640,First Owner,3,390,KTM
5058,95000,20000,First Owner,6,350,Royal Enfield
5059,25000,38247,First Owner,8,110,Mahindra
5060,110000,24300,First Owner,3,350,Royal Enfield
5061,35000,45189,First Owner,10,150,Bajaj
5062,16000,99000,First Owner,11,150,Bajaj
5063,66400,2600,First Owner,4,150,Bajaj
5064,26000,43625,First Owner,8,110,Hero
5065,43000,38000,First Owner,7,150,Yamaha
5066,40000,19300,First Owner,7,220,Bajaj
5067,85000,33783,First Owner,7,350,Royal Enfield
5068,52000,4725,First Owner,5,150,Bajaj
5069,125000,8930,First Owner,4,400,Bajaj
5070,121000,13013,First Owner,3,150,Yamaha
5071,35000,28000,Second Owner,6,223,Hero
5072,96000,16317,Second Owner,5,350,Royal Enfield
5073,19000,69761,First Owner,9,125,Honda
5074,130800,24000,First Owner,5,350,Royal Enfield
5075,60000,4200,First Owner,9,200,Bajaj
5076,67000,25000,Second Owner,8,200,KTM
5077,80000,25000,First Owner,7,250,Honda
5078,50300,14000,First Owner,7,220,Bajaj
5079,23400,15000,First Owner,9,125,Honda
5080,105000,18000,First Owner,6,390,KTM
5081,21100,21000,First Owner,11,100,Bajaj
5082,283700,4400,First Owner,5,250,Hyosung
5083,27500,32659,First Owner,10,100,Hero
5084,25000,39000,First Owner,9,100,Hero
5085,90000,17000,First Owner,4,150,Yamaha
5086,20300,46000,First Owner,15,100,Hero
5087,55800,4000,First Owner,4,125,Honda
5088,125000,31243,First Owner,4,400,Bajaj
5089,160000,5000,First Owner,4,350,Royal Enfield
5090,12982,100000,Second Owner,12,150,Bajaj
5091,25000,25000,Second Owner,7,125,Honda
5092,25000,16565,First Owner,6,110,TVS
5093,51000,26219,First Owner,6,150,Yamaha
5094,18200,45000,First Owner,12,150,Hero
5095,15000,36888,First Owner,13,135,Bajaj
5096,84000,19912,First Owner,7,350,Royal Enfield
5097,128000,5541,First Owner,4,500,Royal Enfield
5098,30000,30000,First Owner,6,135,Bajaj
5099,60000,15927,Second Owner,6,150,Bajaj
5100,158000,3834,First Owner,4,390,KTM
5101,43600,60000,First Owner,8,200,Bajaj
5102,15000,532,First Owner,14,150,Bajaj
5103,57999,3000,First Owner,4,110,Hero
5104,58000,28000,First Owner,7,150,Yamaha
5105,32000,31000,First Owner,10,125,Honda
5106,65000,2500,First Owner,3,125,Honda
5107,133000,26000,First Owner,5,390,KTM
5108,29200,30000,First Owner,8,150,Bajaj
5109,91000,5500,First Owner,2,160,Honda
5110,115000,24000,First Owner,4,350,Royal Enfield
5111,50000,200,First Owner,3,100,Bajaj
5112,140000,7000,First Owner,6,390,KTM
5113,36000,4838,First Owner,4,125,Bajaj
5114,32000,26500,First Owner,7,100,Bajaj
5115,100000,1300,First Owner,4,200,TVS
5116,55000,43000,First Owner,5,150,Yamaha
5117,62000,23367,First Owner,15,350,Royal Enfield
5118,60000,18200,First Owner,9,150,Yamaha
5119,28000,25000,First Owner,9,150,Hero
5120,120000,16000,Second Owner,7,200,KTM
5121,20000,35063,Second Owner,13,150,Honda
5122,73000,14000,First Owner,3,150,Yamaha
5123,45000,15000,First Owner,5,150,Bajaj
5124,170000,6000,First Owner,3,500,Royal Enfield
5125,55000,38000,First Owner,6,220,Bajaj
5126,83100,13450,First Owner,4,150,Bajaj
5127,25000,50000,First Owner,7,100,Hero
5128,39200,16500,Second Owner,5,125,Honda
5129,141000,4625,First Owner,3,350,Royal Enfield
5130,134400,1550,First Owner,4,350,Royal Enfield
5131,15000,70000,First Owner,13,150,Bajaj
5132,78500,35596,First Owner,6,350,Royal Enfield
5133,170000,500,First Owner,2,350,Royal Enfield
5134,52000,3400,First Owner,3,125,Bajaj
5135,29500,36484,First Owner,8,100,Hero
5136,36000,30000,First Owner,7,150,Honda
5137,65000,30000,First Owner,4,150,Bajaj
5138,50000,1234,Second Owner,7,220,Bajaj
5139,42500,16435,First Owner,7,150,Yamaha
5140,43000,60000,First Owner,7,150,Yamaha
5141,80000,35000,First Owner,10,250,Honda
5142,21000,7100,First Owner,9,100,Hero
5143,45000,72354,First Owner,10,150,Yamaha
5144,10500,717794,First Owner,15,125,Bajaj
5145,29500,25000,First Owner,10,150,Bajaj
5146,38000,58816,First Owner,11,220,Bajaj
5147,150000,2200,First Owner,4,250,Honda
5148,30000,22560,First Owner,7,100,Hero
5149,115000,18057,Second Owner,5,350,Royal Enfield
5150,19000,78822,First Owner,8,125,Hero
5151,34000,38000,First Owner,11,150,Yamaha
5152,28000,14256,First Owner,12,223,Hero
5153,125000,9858,First Owner,4,350,Royal Enfield
5154,110000,25327,First Owner,5,390,KTM
5155,41000,71303,First Owner,6,220,Bajaj
5156,20000,57500,Second Owner,14,180,Bajaj
5157,11000,20000,First Owner,12,100,Hero
5158,109000,13000,First Owner,6,350,Royal Enfield
5159,63000,21000,First Owner,4,220,Bajaj
5160,41999,54362,First Owner,4,150,Bajaj
5161,87000,35450,First Owner,6,200,Bajaj
5162,41400,21000,First Owner,4,125,Hero
5163,9000,72378,First Owner,15,100,TVS
5164,22000,54000,Second Owner,13,180,Bajaj
5165,123400,5000,First Owner,4,350,Royal Enfield
5166,17000,35655,First Owner,10,125,Honda
5167,18000,42000,First Owner,11,135,Bajaj
5168,82500,13000,First Owner,6,200,Bajaj
5169,70000,7900,First Owner,6,150,Suzuki
5177,51000,24800,First Owner,5,160,Honda
5178,155000,7563,First Owner,3,250,KTM
5179,75068,16919,First Owner,9,350,Royal Enfield
5180,153000,10000,First Owner,3,500,Royal Enfield
5184,35300,55000,First Owner,8,223,Hero
5185,22000,16750,First Owner,10,223,Hero
5186,36800,41090,Second Owner,4,150,Bajaj
5187,49000,13281,First Owner,5,150,Bajaj
5188,37000,29094,First Owner,4,125,Bajaj
5189,21400,45000,First Owner,8,125,Honda
5190,93000,4761,First Owner,6,350,Royal Enfield
5191,100000,9200,First Owner,3,150,Suzuki
5192,100500,6000,First Owner,3,150,Suzuki
5193,90000,14330,First Owner,3,350,Royal Enfield
5194,55000,15000,Second Owner,12,350,Royal Enfield
5195,119000,14735,First Owner,5,500,Royal Enfield
5196,26000,55686,Second Owner,9,220,Bajaj
5197,113000,14200,First Owner,4,350,Royal Enfield
5198,40000,75000,First Owner,8,150,Bajaj
5199,32000,21000,First Owner,5,150,Bajaj
5200,13500,477976,First Owner,14,135,Bajaj
5201,66400,27481,Second Owner,7,150,Yamaha
5202,67000,43871,First Owner,6,150,Honda
5210,140000,9000,First Owner,5,410,Royal Enfield
5211,45000,32375,First Owner,8,150,Yamaha
5212,61000,41000,First Owner,7,220,Bajaj
5213,38000,16500,First Owner,9,110,Honda
5214,75500,23800,First Owner,7,150,Honda
5215,125000,700,First Owner,3,150,Suzuki
5216,140000,99999,First Owner,37,350,Royal Enfield
5217,49100,10000,First Owner,5,150,Bajaj
5218,95000,15288,Second Owner,5,350,Royal Enfield
5219,85000,26000,First Owner,6,200,Bajaj
5220,110000,26927,First Owner,6,350,Royal Enfield
5221,20000,38500,Fourth Owner Or More,12,125,Yamaha
5222,28000,25000,First Owner,7,150,Bajaj
5223,109500,13000,First Owner,8,500,Royal Enfield
5224,99000,19000,First Owner,6,350,Royal Enfield
5225,69999,7054,First Owner,5,150,Bajaj
5226,115000,12000,First Owner,6,350,Royal Enfield
5227,24000,6000,First Owner,10,100,Hero
5228,56000,17330,First Owner,6,149,Hero
5232,24500,21891,First Owner,7,125,Bajaj
5233,36999,57811,First Owner,8,180,Bajaj
5234,110439,3000,First Owner,9,500,Royal Enfield
5235,116762,30000,First Owner,7,500,Royal Enfield
5236,67000,12000,First Owner,4,160,Honda
5237,40000,38000,First Owner,8,150,Yamaha
5238,26000,17695,First Owner,8,100,Bajaj
5239,140000,9788,First Owner,5,350,Royal Enfield
5240,92300,10000,First Owner,4,200,TVS
5241,20100,45330,First Owner,14,100,Hero
5242,69000,22000,First Owner,6,150,Bajaj
5243,26000,33000,First Owner,12,150,Honda
5244,139000,17000,First Owner,4,350,Royal Enfield
5245,97500,19562,First Owner,7,350,Royal Enfield
5246,48000,11000,First Owner,7,150,Yamaha
5247,140900,1400,First Owner,6,500,Royal Enfield
5248,179000,14000,First Owner,4,500,Royal Enfield
5249,25000,60000,First Owner,9,150,Bajaj
5250,180000,4030,First Owner,4,500,Royal Enfield
5251,84000,1920,First Owner,4,150,Bajaj
5252,125000,20000,First Owner,6,350,Royal Enfield
5253,55000,27000,First Owner,8,200,Bajaj
5254,65000,3200,First Owner,5,150,Hero
5255,88000,8000,First Owner,4,150,Suzuki
5256,27500,18000,First Owner,7,110,Honda
5257,80000,23895,First Owner,7,350,Royal Enfield
5258,19600,42000,Second Owner,11,100,Hero
5259,95000,25000,First Owner,5,350,Royal Enfield
5260,99000,23397,First Owner,4,350,Royal Enfield
5261,30000,51528,First Owner,9,150,Hero
5262,120000,10147,First Owner,3,220,Bajaj
5263,110000,9119,First Owner,5,200,Bajaj
5264,100000,7000,First Owner,7,390,KTM
5265,55000,10000,First Owner,4,125,Honda
5266,21000,19000,First Owner,10,100,Hero
5267,20000,70628,First Owner,10,100,Hero
5268,25000,58137,First Owner,10,100,Hero
5269,42000,35000,First Owner,7,223,Hero
5270,110000,5073,First Owner,5,350,Royal Enfield
5271,106000,14403,First Owner,5,390,KTM
5272,74000,23000,First Owner,7,150,Yamaha
5273,18600,56000,First Owner,10,150,Bajaj
5274,472000,550,First Owner,3,750,Harley-Davidson
5275,89000,13000,First Owner,8,350,Royal Enfield
5276,95000,40500,First Owner,8,500,Royal Enfield
5277,65000,18500,First Owner,5,160,TVS
5278,125000,8200,First Owner,5,200,KTM
5279,430000,1200,First Owner,6,750,Harley-Davidson
5280,35000,9500,First Owner,6,100,Hero
5281,40000,38950,First Owner,5,110,TVS
5282,40000,80000,First Owner,9,160,TVS
5283,140000,10000,First Owner,6,200,KTM
5284,55000,2000,First Owner,3,110,Bajaj
5285,59999,20850,First Owner,7,150,Bajaj
5286,112100,22800,First Owner,5,350,Royal Enfield
5287,137999,7900,First Owner,5,500,Royal Enfield
5288,70000,11000,First Owner,4,150,Bajaj
5289,25000,28000,First Owner,7,110,Honda
5290,15600,50000,First Owner,13,150,Hero
5292,44600,39500,First Owner,8,220,Bajaj
5293,225000,2400,First Owner,4,390,KTM
5294,120000,2827,First Owner,5,350,Royal Enfield
5295,118000,12434,First Owner,6,500,Royal Enfield
5296,150000,38000,First Owner,14,500,Royal Enfield
5297,30000,9300,First Owner,11,150,Yamaha
5298,41000,60000,First Owner,10,150,Yamaha
5299,90000,12000,First Owner,8,350,Royal Enfield
5300,18000,18465,First Owner,12,150,Yamaha
5301,110000,5548,First Owner,4,400,Bajaj
5302,110000,25353,First Owner,5,500,Royal Enfield
5303,170000,6700,First Owner,3,350,Royal Enfield
5306,77000,25400,First Owner,3,150,Suzuki
5307,65200,20000,First Owner,3,220,Bajaj
5308,45000,30000,First Owner,8,150,Yamaha
5309,160000,23766,First Owner,5,390,KTM
5313,21000,28808,First Owner,7,100,Bajaj
5319,19269,36526,Second Owner,11,100,Bajaj
5320,43000,15000,Second Owner,5,150,Bajaj
5321,140000,6500,First Owner,5,200,KTM
5322,180000,2000,First Owner,4,500,Royal Enfield
5323,20000,46000,First Owner,12,100,Hero
5324,100000,11170,First Owner,6,200,Bajaj
5325,131700,5000,First Owner,6,500,Royal Enfield
5326,30000,24000,First Owner,9,150,Yamaha
5327,67000,12000,First Owner,5,220,Bajaj
5328,25000,38425,First Owner,8,125,Bajaj
5329,42000,9000,First Owner,6,110,Hero
5330,60000,9000,First Owner,6,150,Bajaj
5331,70400,7000,First Owner,4,150,Bajaj
5332,41000,33000,First Owner,9,220,Bajaj
5333,58000,20000,First Owner,7,220,Bajaj
5334,50400,15000,First Owner,6,160,Honda
5335,90500,28000,First Owner,5,150,Yamaha
5336,90000,1500,First Owner,4,220,Bajaj
5337,120000,24000,First Owner,7,390,KTM
5338,45000,15000,First Owner,5,100,Hero
5339,31500,35600,First Owner,7,100,Hero
5348,41800,3360,First Owner,3,100,Bajaj
5349,27500,48000,First Owner,8,100,Bajaj
5350,23500,40000,First Owner,10,150,Bajaj
5351,23000,30000,First Owner,9,125,Hero
5352,75000,15000,First Owner,5,220,Bajaj
5353,59000,40000,First Owner,6,150,Bajaj
5354,42000,32300,First Owner,7,150,Hero
5355,60000,11000,First Owner,5,150,Bajaj
5356,22000,20000,First Owner,11,100,Hero
5357,36300,38000,First Owner,6,110,Hero
5358,88600,6200,First Owner,4,220,Bajaj
5359,42000,25000,First Owner,5,110,Hero
5360,60000,46000,First Owner,5,150,Bajaj
5361,20000,60500,First Owner,11,150,Hero
5362,69000,17000,First Owner,5,150,Bajaj
5363,18000,77700,First Owner,11,135,Bajaj
5364,72000,7000,Second Owner,3,180,TVS
5365,34000,50000,Third Owner,10,150,Yamaha
5366,82000,57444,First Owner,6,200,Bajaj
5367,80000,7018,First Owner,4,150,Yamaha
5368,25000,24000,First Owner,8,125,Hero
5371,45000,5382,First Owner,5,150,Yamaha
5388,48400,14500,First Owner,6,150,Bajaj
5389,105000,9900,First Owner,8,500,Royal Enfield
5390,48000,9800,First Owner,6,150,Suzuki
5391,43000,10000,First Owner,4,100,Bajaj
5392,90000,7800,First Owner,7,350,Royal Enfield
5393,78000,10575,First Owner,4,150,Suzuki
5394,23000,61122,First Owner,17,100,Hero
5395,36000,16830,First Owner,6,100,Hero
5396,18000,39000,First Owner,13,150,Bajaj
5397,110000,13000,First Owner,6,350,Royal Enfield
5398,139999,5500,First Owner,6,200,KTM
5399,145000,10000,First Owner,5,350,Royal Enfield
5400,132400,12000,First Owner,5,350,Royal Enfield
5401,68000,10000,First Owner,5,180,TVS
5402,28000,18000,First Owner,9,125,Bajaj
5403,90000,38400,First Owner,10,350,Royal Enfield
5404,25000,43000,First Owner,9,125,Bajaj
5405,27500,22365,First Owner,10,100,Hero
5406,88000,150,First Owner,4,160,Honda
5407,141900,7400,First Owner,4,350,Royal Enfield
5408,110500,30000,First Owner,6,350,Royal Enfield
5409,95000,27200,First Owner,8,350,Royal Enfield
5410,51000,4669,First Owner,4,110,Hero
5411,35526,16500,First Owner,6,125,Honda
5412,49800,41365,First Owner,6,150,Honda
5413,40800,25000,First Owner,9,220,Bajaj
5414,29000,24000,First Owner,7,100,Hero
5415,35255,25000,First Owner,9,150,Yamaha
5416,30000,40457,First Owner,7,100,Hero
5417,130000,7000,First Owner,5,350,Royal Enfield
5418,46728,55300,First Owner,7,150,Yamaha
5419,21000,45000,First Owner,12,150,Bajaj
5420,142600,28000,First Owner,6,390,KTM
5421,82000,23000,First Owner,6,150,Yamaha
5422,60000,15000,First Owner,6,150,Bajaj
5423,30000,17500,First Owner,8,125,Honda
5424,35000,9614,First Owner,7,110,Mahindra
5425,130000,9800,First Owner,7,390,KTM
5426,48000,14000,First Owner,8,150,Hero
5427,120000,15500,First Owner,6,350,Royal Enfield
5428,80000,9000,First Owner,5,150,Bajaj
5429,88000,3500,First Owner,4,180,TVS
5430,30000,13000,First Owner,8,125,Hero
5431,125000,10200,First Owner,5,350,Royal Enfield
5432,27000,25874,First Owner,10,150,Hero
5433,165000,17883,First Owner,6,390,KTM
5434,56435,12192,First Owner,5,110,Hero
5436,100000,5000,First Owner,5,150,Yamaha
5437,67000,15500,First Owner,5,220,Bajaj
5438,25000,98707,First Owner,11,150,Bajaj
5439,30000,64800,First Owner,13,150,Honda
5440,66000,12000,First Owner,5,150,Bajaj
5463,65000,9300,First Owner,10,350,Royal Enfield
5464,45000,19542,First Owner,7,160,TVS
5465,25000,41915,First Owner,12,150,Bajaj
5466,33000,31500,Third Owner,14,200,Bajaj
5468,38000,8718,First Owner,3,100,TVS
5469,75000,24000,First Owner,7,350,Royal Enfield
5470,70000,45000,Second Owner,15,350,Royal Enfield
5471,133300,18000,First Owner,5,350,Royal Enfield
5472,165000,2791,First Owner,2,350,Royal Enfield
5473,42000,9755,First Owner,7,150,Bajaj
5474,35000,37795,First Owner,7,100,Hero
5475,37000,27520,First Owner,5,125,Honda
5476,82000,5200,First Owner,3,160,TVS
5477,85000,4500,First Owner,2,220,Bajaj
5478,115000,9759,First Owner,5,350,Royal Enfield
5479,27400,33000,First Owner,10,110,Honda
5480,22000,29428,First Owner,9,150,Yamaha
5481,58000,9572,First Owner,9,350,Royal Enfield
5482,14000,40000,Second Owner,12,100,Hero
5483,120000,16000,First Owner,3,200,TVS
5484,30000,45355,First Owner,6,125,Honda
5485,77100,15000,First Owner,5,150,Honda
5486,39999,27000,First Owner,8,150,Honda
5487,125000,17677,First Owner,4,350,Royal Enfield
5488,35000,21000,First Owner,10,150,Bajaj
5489,75000,30000,First Owner,6,200,Bajaj
5490,85000,3842,First Owner,7,350,Royal Enfield
5491,160000,6700,First Owner,3,200,KTM
5492,35000,27988,First Owner,14,150,Hero
5493,35000,34000,First Owner,10,220,Bajaj
5494,105000,11072,First Owner,8,500,Royal Enfield
5495,150000,1947,First Owner,2,350,Royal Enfield
5496,106000,26429,First Owner,4,400,Bajaj
5497,28000,42942,First Owner,13,200,Bajaj
5498,190000,4159,Second Owner,4,390,KTM
5499,18000,70000,Second Owner,15,110,TVS
5500,95000,1990,First Owner,4,200,TVS
5501,95000,29000,First Owner,7,500,Royal Enfield
5502,50000,65007,First Owner,7,150,Bajaj
5503,28000,34060,Second Owner,11,180,Bajaj
5504,98000,41883,First Owner,5,350,Royal Enfield
5505,45000,15000,First Owner,9,200,Bajaj
5506,106000,1890,First Owner,2,200,TVS
5507,23000,59560,First Owner,8,110,Hero
5508,72000,13600,Second Owner,4,150,Yamaha
5509,37500,10521,First Owner,7,150,Honda
5510,90000,3095,First Owner,2,180,TVS
5511,53300,29000,First Owner,10,150,Yamaha
5513,30000,21288,First Owner,10,160,TVS
5514,75000,29878,First Owner,4,150,Yamaha
5515,31000,19000,Second Owner,5,100,Hero
5516,65000,7706,First Owner,5,220,Bajaj
5517,11000,31275,First Owner,12,135,Bajaj
5518,93200,8700,First Owner,7,500,Royal Enfield
5519,18000,19233,Second Owner,11,100,Hero
5520,42000,33156,First Owner,5,150,Bajaj
5521,65000,14000,First Owner,4,150,Yamaha
5522,100000,2322,First Owner,2,160,Honda
5523,29500,16389,First Owner,7,100,TVS
5524,84000,13680,First Owner,6,350,Royal Enfield
5525,85000,9425,First Owner,4,250,Yamaha
5526,41000,9833,First Owner,5,160,TVS
5527,25000,21163,First Owner,5,125,Bajaj
5528,50000,31298,First Owner,12,350,Royal Enfield
5529,43000,14740,First Owner,4,150,Bajaj
5530,60000,14830,First Owner,4,150,Suzuki
5531,56000,11021,First Owner,4,160,Honda
5532,102000,1120,First Owner,2,150,Yamaha
5533,65000,33000,Second Owner,10,350,Royal Enfield
5534,65000,15000,First Owner,9,250,Honda
5535,90595,37915,First Owner,6,350,Royal Enfield
5536,30000,35600,First Owner,9,150,Yamaha
5537,120000,7500,First Owner,3,400,Bajaj
5538,92000,750,First Owner,3,150,Suzuki
5539,35000,46436,First Owner,11,180,Bajaj
5553,137500,56000,First Owner,6,200,KTM
5554,66000,3000,First Owner,4,160,Honda
5555,53200,12135,First Owner,3,150,Bajaj
5556,49999,21500,Second Owner,6,150,Yamaha
5557,102000,8120,First Owner,2,200,TVS
5558,17000,34500,First Owner,11,135,Bajaj
5559,55000,7800,First Owner,7,220,Bajaj
5560,99000,1793,First Owner,3,200,TVS
5561,25000,31400,First Owner,7,125,Honda
5562,170000,15547,Second Owner,4,390,KTM
5563,55000,35107,First Owner,8,220,Bajaj
5564,92000,5156,First Owner,2,150,Suzuki
5565,89200,15000,First Owner,5,150,Honda
5566,110000,5130,First Owner,5,500,Royal Enfield
5567,85000,15150,First Owner,3,160,TVS
5568,141000,10825,Fourth Owner Or More,4,350,Royal Enfield
5569,105000,12000,First Owner,6,500,Royal Enfield
5570,90000,28279,Second Owner,9,500,Royal Enfield
5571,65000,7983,First Owner,5,200,Bajaj
5572,243100,16000,First Owner,3,390,KTM
5573,22000,37000,First Owner,8,100,Bajaj
5574,52000,13353,First Owner,3,100,Hero
5575,180000,6500,First Owner,3,250,Honda
5576,35000,40500,First Owner,10,150,Bajaj
5577,30000,44000,First Owner,8,125,Honda
5578,93500,199,First Owner,2,220,Bajaj
5579,106000,70000,First Owner,7,350,Royal Enfield
5580,195000,1700,First Owner,5,390,KTM
5581,25000,54560,Second Owner,14,223,Hero
5582,85000,17580,First Owner,8,350,Royal Enfield
5583,15000,46000,First Owner,11,110,TVS
5584,62000,76663,First Owner,4,200,TVS
5585,34000,29500,First Owner,6,125,Bajaj
5586,18000,30112,First Owner,11,125,Honda
5587,75000,29284,First Owner,9,350,Royal Enfield
5589,42000,34700,First Owner,6,223,Hero
5590,55000,17180,First Owner,3,125,Hero
5591,65000,30040,First Owner,4,150,Suzuki
5592,105000,12903,Second Owner,4,200,Bajaj
5593,75000,30000,First Owner,10,350,Royal Enfield
5594,30000,52000,First Owner,12,150,Honda
5595,24300,75000,First Owner,9,150,Yamaha
5596,30000,34028,First Owner,6,125,Bajaj
5597,35000,44409,First Owner,7,150,Bajaj
5598,21000,58245,First Owner,10,150,Yamaha
5599,125000,26147,First Owner,7,500,Royal Enfield
5600,95000,14008,First Owner,6,350,Royal Enfield
5601,110000,29369,First Owner,5,500,Royal Enfield
5602,50000,31519,Second Owner,6,150,Bajaj
5603,90000,23900,Second Owner,6,350,Royal Enfield
5604,56000,26320,First Owner,5,220,Bajaj
5605,67100,26000,First Owner,4,150,Suzuki
5606,150900,11850,First Owner,3,350,Royal Enfield
5607,57000,28500,First Owner,5,220,Bajaj
5608,25000,30000,First Owner,10,150,Bajaj
5609,270000,3165,First Owner,4,250,Hyosung
5610,18000,19443,Second Owner,8,125,Yamaha
5611,45000,15886,First Owner,7,150,Yamaha
5612,40000,28530,First Owner,7,223,Hero
5613,55000,33186,First Owner,5,150,Suzuki
5614,20000,60315,Second Owner,11,150,Hero
5615,85000,15200,Third Owner,5,200,Bajaj
5616,12000,32234,First Owner,16,150,Bajaj
5617,67300,34000,First Owner,8,150,Yamaha
5618,65000,7000,First Owner,4,150,Suzuki
5619,140000,6537,First Owner,4,200,KTM
5620,27000,31336,First Owner,9,150,Suzuki
5621,115000,8500,First Owner,3,200,Bajaj
5622,170000,2037,First Owner,4,500,Royal Enfield
5623,51000,20058,First Owner,4,150,Bajaj
5624,77600,22000,First Owner,3,220,Bajaj
5625,9000,67140,Second Owner,15,150,Bajaj
5626,48000,25435,First Owner,5,150,Bajaj
5627,28000,46182,First Owner,8,180,TVS
5628,90000,21000,First Owner,6,350,Royal Enfield
5629,45000,8634,First Owner,4,150,Bajaj
5630,55000,20404,First Owner,4,150,Bajaj
5631,58400,43000,Second Owner,10,350,Royal Enfield
5639,200000,6629,First Owner,5,250,Hyosung
5640,391000,6000,First Owner,7,750,Harley-Davidson
5641,105000,6867,First Owner,5,500,Royal Enfield
5642,197200,24000,First Owner,4,390,KTM
5643,42000,29000,First Owner,10,220,Bajaj
5644,71000,13600,First Owner,3,180,Bajaj
5645,70000,5200,Second Owner,4,220,Bajaj
5646,46000,11000,Second Owner,6,150,Yamaha
5647,174000,4300,First Owner,5,200,KTM
5648,66000,2465,First Owner,9,150,Yamaha
5649,49000,25000,First Owner,7,223,Hero
5650,30000,26500,First Owner,8,100,Bajaj
5651,65000,22000,First Owner,5,150,Bajaj
5652,110900,6635,First Owner,5,350,Royal Enfield
5653,395000,16523,First Owner,5,750,Harley-Davidson
5654,22000,49000,First Owner,7,125,Honda
5655,125000,3538,First Owner,7,350,Royal Enfield
5656,125000,3538,First Owner,5,350,Royal Enfield
5657,19000,69415,First Owner,13,135,Bajaj
5658,80000,4300,First Owner,3,150,Bajaj
5659,89000,19627,First Owner,2,150,Suzuki
5660,25000,52287,Second Owner,10,150,Bajaj
5661,91000,14555,First Owner,6,350,Royal Enfield
5662,95000,2617,First Owner,2,150,Yamaha
5669,77000,11300,First Owner,4,200,Bajaj
5670,106000,233011,Second Owner,4,250,Honda
5671,33000,55000,First Owner,7,110,Mahindra
5672,40000,28397,Second Owner,4,100,Hero
5673,111000,14647,First Owner,6,390,KTM
5674,78000,38271,First Owner,6,200,Bajaj
5675,28000,38000,First Owner,11,223,Hero
5676,108400,18000,First Owner,4,200,Bajaj
5677,90000,23000,First Owner,4,200,Bajaj
5678,90000,5148,Second Owner,5,350,Royal Enfield
5679,100000,45730,First Owner,6,350,Royal Enfield
5680,18000,42000,First Owner,10,135,Bajaj
5684,52999,8150,First Owner,5,150,Bajaj
5685,128700,50000,First Owner,5,500,Royal Enfield
5686,80000,40000,Second Owner,5,200,Bajaj
5687,70000,26000,First Owner,4,150,Honda
5688,200000,5000,First Owner,3,390,KTM
5689,19000,57791,First Owner,11,180,Bajaj
5690,25600,45000,First Owner,8,125,Bajaj
5691,30000,79004,First Owner,7,125,Honda
5692,20000,36000,First Owner,10,160,TVS
5693,276000,2100,First Owner,5,300,Kawasaki
5694,47000,44626,First Owner,8,150,Suzuki
5695,80000,20824,First Owner,3,250,Yamaha
5696,22000,91649,First Owner,14,150,Bajaj
5697,108000,17600,First Owner,7,500,Royal Enfield
5698,21000,23059,First Owner,10,150,Bajaj
5699,97100,8073,First Owner,5,200,Bajaj
5700,47000,6363,First Owner,3,150,Yamaha
5701,145000,21515,First Owner,3,400,Bajaj
5702,65000,19000,First Owner,6,223,Hero
5703,194000,844,First Owner,2,410,Royal Enfield
5704,91000,18399,First Owner,6,350,Royal Enfield
5705,107000,20000,First Owner,5,500,Royal Enfield
5706,120000,16500,First Owner,5,350,Royal Enfield
5707,85000,3000,First Owner,2,160,Bajaj
5708,80000,31800,First Owner,4,220,Bajaj
5709,15900,64000,First Owner,11,150,Hero
5728,50100,36000,Second Owner,6,223,Hero
5729,35000,33555,First Owner,13,150,Yamaha
5730,22000,17800,First Owner,11,150,Bajaj
5731,16000,75000,Third Owner,14,160,TVS
5732,36000,34000,First Owner,7,180,TVS
5733,111300,5000,First Owner,4,200,TVS
5734,18500,60000,First Owner,17,100,Hero
5755,32400,32116,First Owner,8,150,Bajaj
5756,16100,31000,First Owner,11,150,Bajaj
5757,145000,1147,First Owner,6,200,KTM
5758,60000,500,First Owner,4,135,Bajaj
5759,138000,13500,First Owner,5,410,Royal Enfield
5760,55000,4000,First Owner,5,160,Honda
5761,20400,74000,First Owner,9,100,Bajaj
5762,35000,43000,First Owner,9,160,TVS
5763,67000,15000,First Owner,6,220,Bajaj
5764,52000,17600,First Owner,7,150,Honda
5765,84999,7600,First Owner,4,150,Bajaj
5766,30000,25729,First Owner,7,100,Hero
5767,120000,25000,First Owner,6,350,Royal Enfield
5768,27000,49000,First Owner,11,135,Bajaj
5769,46800,10500,First Owner,4,100,Bajaj
5770,97000,24878,First Owner,5,150,Honda
5771,80000,14000,First Owner,4,150,Suzuki
5772,45000,44000,First Owner,6,160,TVS
5773,120000,5200,First Owner,7,500,Royal Enfield
5774,125000,2500,First Owner,4,200,Bajaj
5775,65000,394,First Owner,6,150,Yamaha
5776,75000,13303,First Owner,3,150,Yamaha
5777,47000,38561,First Owner,5,220,Bajaj
5778,25000,35799,First Owner,6,100,Hero
5779,12000,14916,First Owner,14,180,Bajaj
5780,48000,39555,First Owner,9,150,Honda
5781,307194,1487,First Owner,6,650,Hyosung
5782,11000,6807,First Owner,14,150,TVS
5783,130000,19321,First Owner,4,200,KTM
5784,20500,21533,First Owner,8,150,Yamaha
5785,76200,20000,First Owner,4,200,Bajaj
5786,22800,17000,Second Owner,5,100,TVS
5787,33100,19000,First Owner,5,100,Hero
5788,174600,9000,First Owner,3,200,KTM
5789,18000,68857,First Owner,15,110,TVS
5790,55000,4572,Third Owner,17,350,Royal Enfield
5791,212000,7500,First Owner,4,390,KTM
5792,140000,6346,First Owner,4,200,KTM
5793,53300,3445,First Owner,5,200,Bajaj
5794,50000,22469,First Owner,4,150,Bajaj
5795,18000,61537,First Owner,13,125,Honda
5796,45636,22967,First Owner,4,160,TVS
5797,30000,1,Second Owner,13,100,Hero
5798,125000,32500,First Owner,5,390,KTM
5799,111100,21533,First Owner,5,350,Royal Enfield
5800,68500,11101,First Owner,3,200,TVS
5801,100000,17482,Second Owner,6,350,Royal Enfield
5802,25400,25000,First Owner,7,100,Bajaj
5803,143000,3515,First Owner,3,400,Bajaj
5804,121800,6515,First Owner,6,500,Royal Enfield
5805,128000,4000,First Owner,2,200,TVS
5806,35000,8680,First Owner,6,220,Bajaj
5807,130000,24167,First Owner,4,350,Royal Enfield
5808,125000,14800,First Owner,3,350,Royal Enfield
5809,124000,16500,First Owner,4,250,Benelli
5810,75000,7488,First Owner,2,125,Hero
5811,33500,49463,First Owner,16,350,Royal Enfield
5812,90000,36587,First Owner,6,350,Royal Enfield
5813,95000,15525,First Owner,12,350,Royal Enfield
5814,22000,28686,First Owner,9,125,Bajaj
5815,20000,73190,First Owner,8,100,Hero
5816,15000,23000,First Owner,11,100,Bajaj
5817,24500,30000,First Owner,9,100,Hero
5818,38000,22000,First Owner,7,150,Honda
5819,80000,50000,First Owner,6,350,Royal Enfield
5820,110000,28000,First Owner,5,500,Royal Enfield
5821,15000,26000,First Owner,11,135,Bajaj
5822,170000,7000,First Owner,2,350,Royal Enfield
5823,350000,1487,First Owner,6,650,Hyosung
5824,21700,30000,Second Owner,10,100,Hero
5825,125000,5000,First Owner,4,150,Yamaha
5826,130000,19495,First Owner,5,200,KTM
5827,25000,29000,First Owner,10,150,Suzuki
5828,73000,3500,First Owner,4,150,Yamaha
5829,85000,38000,First Owner,7,250,Honda
5830,248000,5300,First Owner,4,390,KTM
5831,110000,18692,First Owner,3,150,Yamaha
5832,17300,30000,First Owner,12,100,Bajaj
5833,20000,30000,First Owner,10,100,Bajaj
5834,35000,15430,First Owner,7,110,Hero
5835,36000,24000,First Owner,5,150,Bajaj
5836,29999,13058,First Owner,8,100,TVS
5837,64900,38000,First Owner,8,150,Yamaha
5838,26000,12216,First Owner,4,100,TVS
5839,36000,6240,First Owner,5,135,Bajaj
5840,30000,25600,First Owner,10,100,Hero
5841,365000,10943,First Owner,6,750,Harley-Davidson
5842,130000,14324,First Owner,5,390,KTM
5843,32000,13200,First Owner,7,110,Honda
5844,121000,35422,First Owner,5,500,Royal Enfield
5845,41000,35196,First Owner,5,160,TVS
5846,220000,9066,First Owner,5,250,Hyosung
5847,80000,32735,First Owner,8,350,Royal Enfield
5848,32000,20000,First Owner,8,180,Bajaj
5849,26365,89999,First Owner,4,100,Hero
5850,145000,9500,First Owner,4,400,Bajaj
5851,300000,16462,First Owner,6,750,Harley-Davidson
5852,45000,35000,Second Owner,2,220,Bajaj
5853,40000,49000,Second Owner,8,150,Honda
5854,140000,2700,First Owner,2,250,Yamaha
5855,20000,5515,First Owner,7,110,TVS
5856,90000,38000,First Owner,6,150,Yamaha
5857,31900,21700,First Owner,6,125,Yamaha
5858,18000,64901,Third Owner,11,150,Yamaha
5859,117000,3400,First Owner,4,350,Royal Enfield
5860,40000,8000,First Owner,5,110,Hero
5861,30000,32030,First Owner,7,150,Hero
5862,102700,19000,First Owner,3,150,Yamaha
5863,43600,15675,First Owner,6,150,Bajaj
5864,21400,35000,First Owner,11,100,Hero
5865,30000,32000,First Owner,7,135,Bajaj
5866,115000,500,First Owner,39,350,Royal Enfield
5867,145000,12302,First Owner,5,410,Royal Enfield
5868,150000,26157,First Owner,4,410,Royal Enfield
5869,21000,16400,First Owner,10,150,Yamaha
5870,49000,15000,First Owner,4,150,Bajaj
5871,45000,16017,First Owner,5,160,Honda
5872,133000,14200,First Owner,3,350,Royal Enfield
5873,11000,56500,First Owner,15,100,Hero
5874,135000,22444,First Owner,4,410,Royal Enfield
5875,24500,17260,First Owner,8,100,Bajaj
5876,24000,21700,First Owner,5,100,Bajaj
5877,25000,18000,First Owner,6,150,Bajaj
5878,80000,40000,First Owner,6,350,Royal Enfield
5879,87000,23379,First Owner,7,350,Royal Enfield
5880,150000,10789,First Owner,3,350,Royal Enfield
5881,90000,23000,First Owner,6,350,Royal Enfield
5882,18000,56000,First Owner,11,125,Honda
5883,125000,23758,First Owner,5,410,Royal Enfield
5884,125000,7303,First Owner,3,350,Royal Enfield
5885,16200,90382,First Owner,12,125,Hero
5886,35000,77600,First Owner,9,200,Bajaj
5887,36000,16581,First Owner,4,110,Hero
5888,20000,33046,First Owner,12,125,Hero
5889,81990,41000,First Owner,6,200,Bajaj
5890,131000,8866,First Owner,6,500,Royal Enfield
5891,63326,17965,First Owner,9,350,Royal Enfield
5892,26000,45000,First Owner,11,150,Bajaj
5893,25000,78309,First Owner,9,150,Yamaha
5894,54000,18276,First Owner,3,125,Hero
5895,400000,9000,First Owner,4,650,Kawasaki
5896,283000,8025,First Owner,3,302,Benelli
5897,62000,8800,First Owner,5,150,Bajaj
5898,60000,72400,First Owner,10,350,Royal Enfield
5899,15000,21000,First Owner,15,100,Hero
5900,22500,64578,First Owner,12,100,Hero
5901,670000,20000,Second Owner,4,883,Harley-Davidson
5902,22000,49000,First Owner,14,223,Hero
5903,114300,11700,First Owner,3,150,Yamaha
5904,95000,24745,First Owner,5,350,Royal Enfield
5905,12000,51855,Second Owner,12,150,Bajaj
5906,440000,10000,Second Owner,6,650,Honda
5907,96000,40497,First Owner,5,350,Royal Enfield
5908,91000,4951,First Owner,3,150,Suzuki
5909,43000,22049,First Owner,4,125,Hero
5910,140000,11166,First Owner,3,350,Royal Enfield
5911,50000,21623,First Owner,9,250,Honda
5912,265500,12000,First Owner,2,650,Royal Enfield
5913,165000,4610,First Owner,5,535,Royal Enfield
5914,50000,42000,First Owner,7,150,Yamaha
5915,32000,24530,Third Owner,9,220,Bajaj
5916,38000,77000,Second Owner,7,220,Bajaj
5917,17000,15000,Second Owner,13,150,Yamaha
5918,45000,93108,Third Owner,18,350,Royal Enfield
5919,85000,45000,First Owner,6,350,Royal Enfield
5920,160000,18000,First Owner,3,350,Royal Enfield
5921,129000,4828,First Owner,4,500,Royal Enfield
5922,78000,26536,First Owner,7,350,Royal Enfield
5923,100000,19489,First Owner,5,350,Royal Enfield
5924,15500,93968,First Owner,8,100,Bajaj
5925,135000,3900,First Owner,3,350,Royal Enfield
5926,60000,19800,First Owner,5,220,Bajaj
5927,199999,15000,Second Owner,4,300,Benelli
5928,130000,8000,First Owner,3,200,KTM
5929,48900,36000,First Owner,6,180,TVS
5930,528000,8821,First Owner,5,800,Kawasaki
5931,102165,40800,First Owner,6,390,KTM
5932,145000,13000,First Owner,4,390,KTM
5933,57000,3200,First Owner,2,125,Hero
5934,115000,29500,First Owner,7,200,KTM
5935,75000,19960,First Owner,7,200,KTM
5936,19000,16954,First Owner,9,150,Bajaj
5937,19000,48000,First Owner,12,125,Hero
5939,105000,7255,First Owner,2,350,Royal Enfield
5940,23000,33300,Second Owner,11,100,Hero
5941,70000,60095,Second Owner,14,350,Royal Enfield
5942,58000,28922,First Owner,13,350,Royal Enfield
5943,141800,9200,First Owner,3,350,Royal Enfield
5944,25000,42573,First Owner,11,110,Honda
5945,59000,25385,First Owner,7,150,Honda
5946,55999,55000,Second Owner,8,150,Honda
5947,28000,17250,Third Owner,8,150,Bajaj
5948,31000,45000,First Owner,7,100,Hero
5949,270200,11982,First Owner,7,750,Harley-Davidson
5950,45000,43500,First Owner,5,110,Honda
5951,30000,13008,First Owner,3,125,Bajaj
5952,250000,15000,Second Owner,12,350,Royal Enfield
5953,27000,37000,First Owner,10,110,Honda
5954,58000,40000,Second Owner,5,200,Bajaj
5955,98000,6000,First Owner,2,150,Yamaha
5956,36800,12000,First Owner,5,150,Bajaj
5957,28000,22000,Second Owner,8,160,TVS
5958,19500,21400,First Owner,8,125,Bajaj
5959,75000,11787,First Owner,5,150,Yamaha
5960,110000,24000,Third Owner,9,250,Kawasaki
5961,45801,14956,First Owner,3,135,Bajaj
5962,84100,22000,First Owner,8,350,Royal Enfield
5963,80000,22500,First Owner,7,350,Royal Enfield
5964,80000,7500,First Owner,4,200,Bajaj
5965,95000,25000,First Owner,7,390,KTM
5966,195000,11950,First Owner,3,310,TVS
5967,87000,5000,First Owner,3,200,Bajaj
5968,14500,36578,First Owner,10,100,Bajaj
5969,25000,59423,Second Owner,10,220,Bajaj
5970,22000,31000,First Owner,10,110,TVS
5971,108000,29200,First Owner,5,350,Royal Enfield
5972,62000,19380,First Owner,5,220,Bajaj
5973,55000,10000,First Owner,5,150,Yamaha
5974,45000,15000,First Owner,8,220,Bajaj
5975,185000,4362,First Owner,2,250,KTM
5976,35000,8000,First Owner,7,150,Honda
5977,20000,28425,First Owner,8,125,Bajaj
5978,65000,11000,First Owner,3,160,Honda
5979,65000,30377,First Owner,5,220,Bajaj
5980,35000,26000,First Owner,8,223,Hero
5981,56900,31000,First Owner,4,150,Suzuki
5982,47000,42000,First Owner,9,150,Yamaha
5983,160000,6500,First Owner,5,200,KTM
5984,70000,15500,First Owner,5,150,Suzuki
5985,120000,9500,First Owner,6,350,Royal Enfield
5986,35000,52340,First Owner,10,220,Bajaj
5987,36000,17652,First Owner,3,100,Bajaj
5988,20600,35000,First Owner,8,125,Hero
5989,140000,13624,First Owner,5,350,Royal Enfield
5990,145000,14307,First Owner,5,500,Royal Enfield
5991,22200,34698,First Owner,9,150,Bajaj
5992,95500,26000,First Owner,4,350,Royal Enfield
5993,30000,60000,Second Owner,7,150,Bajaj
5994,55000,13915,First Owner,8,220,Bajaj
5995,135000,14050,First Owner,3,150,Yamaha
5996,85000,29249,First Owner,6,200,KTM
5997,36000,29936,First Owner,6,150,Suzuki
5998,16500,17420,First Owner,11,100,Hero
5999,26333,32000,First Owner,7,220,Bajaj
6000,35000,20928,First Owner,3,100,Hero
6001,33000,24669,Second Owner,10,150,Bajaj
6002,32000,13187,First Owner,3,100,Bajaj
6003,90700,900,First Owner,2,160,TVS
6004,165000,5230,First Owner,3,200,KTM
6005,55000,30000,First Owner,4,200,TVS
6006,17000,45000,First Owner,12,100,Hero
6007,21500,43000,First Owner,9,100,Hero
6008,145700,9400,First Owner,4,500,Royal Enfield
6009,21000,21062,First Owner,10,135,Bajaj
6010,28000,15768,First Owner,6,125,Honda
6011,82000,146642,First Owner,7,500,Royal Enfield
6012,23000,18000,Second Owner,9,110,Hero
6013,53000,19068,First Owner,4,150,Bajaj
6014,30000,27571,First Owner,4,100,Bajaj
6015,85000,20000,First Owner,10,350,Royal Enfield
6016,115000,30000,First Owner,8,200,KTM
6017,55000,40000,First Owner,12,350,Royal Enfield
6018,42000,15148,First Owner,3,100,Hero
6019,23500,25000,First Owner,11,100,Hero
6020,25000,24000,First Owner,8,110,Honda
6021,21000,43000,First Owner,9,125,Honda
6022,161100,1753,First Owner,2,350,Royal Enfield
6023,70500,37415,First Owner,5,200,Bajaj
6024,110000,6500,First Owner,6,500,Royal Enfield
6025,158000,1500,First Owner,3,500,Royal Enfield
6026,48000,5400,First Owner,3,125,Honda
6027,38500,20000,First Owner,7,150,Suzuki
6028,60000,41000,First Owner,5,150,Suzuki
6029,470000,11164,First Owner,3,750,Harley-Davidson
6030,78500,16693,First Owner,5,350,Royal Enfield
6031,25000,27683,First Owner,6,125,Bajaj
6032,22000,23182,First Owner,7,100,TVS
6033,25000,40500,First Owner,8,150,Yamaha
6034,37000,29494,Second Owner,8,100,Hero
6035,23000,25144,First Owner,6,100,Bajaj
6036,68000,15000,First Owner,3,220,Bajaj
6037,100000,38933,Second Owner,14,350,Royal Enfield
6038,31000,12300,First Owner,10,150,Yamaha
6039,30000,25981,First Owner,7,100,TVS
6040,35000,21228,First Owner,10,125,Honda
6041,19000,45000,First Owner,7,150,Bajaj
6042,17000,28516,First Owner,12,125,Honda
6043,42000,17000,First Owner,5,110,Honda
6044,18000,24921,First Owner,8,125,Hero
6045,35000,36027,First Owner,5,150,Bajaj
6046,40100,52000,First Owner,6,220,Bajaj
6047,47000,11800,First Owner,4,150,Bajaj
6048,26000,19346,First Owner,4,150,Bajaj
6049,100000,30678,First Owner,5,350,Royal Enfield
6050,140000,19000,First Owner,4,400,Bajaj
6051,68000,30664,First Owner,3,200,TVS
6052,29999,33232,First Owner,7,125,Hero
6053,97999,50000,First Owner,7,350,Royal Enfield
6054,90000,25000,First Owner,6,350,Royal Enfield
6055,70000,19000,First Owner,5,160,Honda
6056,13000,37181,First Owner,14,150,Hero
6057,199000,12000,First Owner,3,310,TVS
6058,220000,5432,First Owner,2,310,TVS
6059,27000,23000,First Owner,9,220,Bajaj
6060,143000,2351,First Owner,2,200,Bajaj
6061,225000,13000,First Owner,5,300,Benelli
6062,46000,29000,Second Owner,8,200,Bajaj
6063,35000,12308,First Owner,7,125,Honda
6064,16000,75537,First Owner,9,100,Bajaj
6065,130000,5580,First Owner,4,350,Royal Enfield
6066,30000,21585,First Owner,6,150,Bajaj
6067,47000,25000,First Owner,4,150,Bajaj
6068,31000,20000,First Owner,7,100,TVS
6069,30000,25223,First Owner,8,180,TVS
6070,1350000,4600,First Owner,3,850,BMW
6071,30000,18813,First Owner,7,100,TVS
6072,28000,99813,First Owner,5,110,TVS
6073,190000,7902,First Owner,2,200,KTM
6074,25000,45393,First Owner,5,110,TVS
6075,25000,22620,First Owner,9,100,TVS
6076,24000,20885,First Owner,14,180,TVS
6077,150000,16000,First Owner,4,200,KTM
6078,23000,15095,First Owner,6,100,TVS
6079,23000,20019,First Owner,7,110,TVS
6080,22500,24461,First Owner,7,100,TVS
6081,22000,25560,First Owner,12,180,TVS
6082,22000,24691,First Owner,7,100,TVS
6083,27500,12000,First Owner,9,100,Hero
6084,27000,18240,First Owner,11,150,Hero
6085,29000,20787,First Owner,9,100,Hero
6086,35000,18020,First Owner,7,150,Bajaj
6087,27500,26000,First Owner,8,125,Honda
6088,30500,25000,First Owner,6,100,Hero
6089,20000,62000,First Owner,12,100,Hero
6090,127000,83,First Owner,2,350,Royal Enfield
6091,48000,26900,First Owner,7,150,Honda
6092,50000,30977,First Owner,5,160,Honda
6093,40000,24504,First Owner,7,150,Honda
6094,35000,34000,First Owner,6,125,Honda
6095,53000,20805,First Owner,4,125,Honda
6096,78000,12500,Second Owner,2,150,Bajaj
6097,95000,16000,First Owner,5,500,Royal Enfield
6098,84400,25000,Third Owner,6,200,KTM
6099,29000,30579,First Owner,6,125,Hero
6100,425000,6000,First Owner,7,650,Kawasaki
6101,114000,1661,First Owner,3,350,Royal Enfield
6102,91400,400,First Owner,4,220,Bajaj
6103,26000,15000,First Owner,5,100,Hero
6104,59000,35693,First Owner,4,200,TVS
6105,22000,65798,First Owner,10,125,Yamaha
6106,21500,69000,First Owner,8,125,Honda
6107,55000,39000,First Owner,8,223,Hero
6108,20000,25000,First Owner,19,150,Hero
6109,73000,13000,Second Owner,10,350,Royal Enfield
6110,150900,1500,First Owner,3,410,Royal Enfield
6111,54147,41000,First Owner,5,150,Bajaj
6112,51000,11500,First Owner,6,200,Bajaj
6113,22300,39000,First Owner,11,150,Bajaj
6114,60000,23500,Second Owner,5,220,Bajaj
6115,46000,22825,First Owner,4,150,Suzuki
6116,93300,1500,First Owner,3,150,Suzuki
6117,150000,11306,First Owner,3,350,Royal Enfield
6118,22100,68000,First Owner,13,135,Bajaj
6119,70000,7250,First Owner,5,200,Bajaj
6120,22000,26000,First Owner,13,150,Bajaj
6121,150000,27096,First Owner,4,390,KTM
6122,234000,2280,First Owner,2,390,KTM
6123,42000,19000,First Owner,5,150,Bajaj
6124,46000,20000,First Owner,9,200,Bajaj
6125,12000,2897,First Owner,10,100,Hero
6126,73800,22400,First Owner,5,150,Yamaha
6127,60000,12000,First Owner,5,150,Yamaha
6128,22500,35000,Third Owner,8,100,Hero
6129,34800,23000,First Owner,5,100,Hero
6130,26600,26000,Second Owner,7,100,Hero
6131,23500,30000,Second Owner,9,100,Hero
6132,54900,11000,First Owner,5,150,Bajaj
6133,41800,16000,First Owner,4,100,Hero
6134,50000,44000,First Owner,7,200,Bajaj
6135,23000,28000,First Owner,10,100,Hero
6136,99000,5000,First Owner,7,350,Royal Enfield
6137,17000,40000,Second Owner,16,100,Hero
6138,89000,19890,Fourth Owner Or More,27,350,Royal Enfield
6139,19000,22000,First Owner,11,100,Bajaj
6140,70000,46000,Second Owner,11,350,Royal Enfield
6141,105600,17600,First Owner,6,350,Royal Enfield
6142,20999,61084,First Owner,13,150,Bajaj
6143,72000,25000,Second Owner,18,350,Royal Enfield
6144,177500,3000,First Owner,2,400,Bajaj
6145,150000,16000,First Owner,2,400,Bajaj
6146,50400,5000,First Owner,6,150,Honda
6147,78000,33000,First Owner,8,200,KTM
6148,52843,59886,First Owner,5,150,Bajaj
6149,22000,20000,First Owner,8,125,Honda
6150,68000,9103,Second Owner,3,150,Yamaha
6151,100000,11738,First Owner,4,350,Royal Enfield
6152,20000,33766,First Owner,8,125,Hero
6153,82000,4304,First Owner,4,200,Bajaj
6154,85500,24363,First Owner,6,350,Royal Enfield
6155,100000,4587,First Owner,4,350,Royal Enfield
6156,20990,82000,First Owner,6,150,Bajaj
6157,15900,39000,First Owner,10,125,Suzuki
6158,48000,15684,First Owner,10,150,Yamaha
6159,135000,12507,First Owner,4,250,KTM
6160,38000,35000,First Owner,9,220,Bajaj
6161,481000,2000,First Owner,4,650,Kawasaki
6169,32000,25751,Third Owner,8,220,Bajaj
6170,42000,32897,First Owner,7,220,Bajaj
6180,22000,67776,First Owner,8,150,Bajaj
6181,104076,4607,First Owner,6,535,Royal Enfield
6182,42000,11000,First Owner,4,100,Hero
6183,42000,21145,First Owner,4,100,Hero
6184,70000,13678,First Owner,4,150,Suzuki
6185,90000,69025,Second Owner,17,350,Royal Enfield
6186,32000,14249,First Owner,6,125,Hero
6187,115000,23552,First Owner,8,350,Royal Enfield
6188,150000,13100,First Owner,7,500,Royal Enfield
6189,51000,29700,First Owner,5,220,Bajaj
6190,32000,23000,First Owner,4,100,Bajaj
6191,65000,19700,First Owner,4,220,Bajaj
6192,20000,44500,First Owner,11,125,Honda
6193,140000,22000,First Owner,3,400,Bajaj
6194,180000,27874,First Owner,4,390,KTM
6195,25000,28550,First Owner,5,150,Bajaj
6196,28000,9184,First Owner,6,100,Hero
6197,35500,15047,First Owner,3,150,Bajaj
6198,15000,35400,First Owner,13,100,Hero
6199,30000,25000,First Owner,4,100,Bajaj
6200,52000,17237,First Owner,4,160,TVS
6201,27000,12100,First Owner,9,100,Hero
6202,38000,11799,First Owner,4,100,Hero
6203,36000,5323,First Owner,4,100,Hero
6204,36000,16096,First Owner,6,100,Hero
6205,36000,11571,First Owner,5,110,Hero
6206,65000,21544,First Owner,6,150,Yamaha
6207,45000,38040,First Owner,7,150,Yamaha
6208,45000,18237,First Owner,7,150,Yamaha
6209,45000,16000,First Owner,7,150,Yamaha
6210,44000,32000,First Owner,7,150,Yamaha
6211,44000,18250,First Owner,7,150,Yamaha
6212,44000,27000,First Owner,8,150,Yamaha
6213,42000,25000,First Owner,6,150,Yamaha
6214,42000,19560,Second Owner,8,150,Yamaha
6215,40000,20000,First Owner,7,150,Yamaha
6216,59500,5000,First Owner,5,220,Bajaj
6217,57000,1400,First Owner,3,150,Bajaj
6218,37000,8687,First Owner,5,125,Honda
6219,46000,15011,First Owner,8,220,Bajaj
6220,43000,20134,First Owner,6,150,Bajaj
6221,41000,31942,First Owner,6,150,Bajaj
6222,22000,40000,First Owner,11,150,Hero
6223,22000,20000,First Owner,13,150,Hero
6224,33000,16587,First Owner,6,100,Hero
6225,33000,10438,First Owner,4,100,Hero
6226,27000,31969,First Owner,4,100,Bajaj
6227,27000,35000,First Owner,7,125,Bajaj
6228,27000,22477,First Owner,5,100,Bajaj
6229,26500,26888,First Owner,7,150,Bajaj
6230,26500,18345,First Owner,10,135,Bajaj
6231,26000,22778,First Owner,7,150,Bajaj
6232,26000,16023,First Owner,11,135,Bajaj
6233,26000,30075,First Owner,5,100,Bajaj
6234,25000,80725,First Owner,11,125,Bajaj
6235,25000,54151,First Owner,5,100,Bajaj
6236,25000,22000,First Owner,5,100,Bajaj
6237,18000,73031,First Owner,11,100,Hero
6238,38000,20000,First Owner,8,220,Bajaj
6239,47500,10721,First Owner,3,125,Hero
6240,47000,20748,First Owner,4,100,Hero
6241,46000,6756,First Owner,3,100,Hero
6242,46000,10883,First Owner,3,100,Hero
6243,45000,13451,First Owner,3,100,Hero
6244,45000,10000,First Owner,3,100,Hero
6245,45000,2017,First Owner,4,100,Hero
6246,45000,4351,First Owner,3,100,Hero
6247,45000,22000,First Owner,4,110,Hero
6248,45000,32416,First Owner,6,150,Hero
6249,43000,12296,First Owner,3,100,Hero
6250,35800,15000,First Owner,6,110,Hero
6251,22000,48824,First Owner,12,125,Honda
6252,22000,22000,First Owner,9,125,Honda
6253,18000,18157,First Owner,9,110,Honda
6254,17000,40877,First Owner,13,125,Honda
6255,115000,14088,First Owner,3,150,Yamaha
6256,25000,35244,Third Owner,9,150,Hero
6257,25000,30027,First Owner,8,100,Hero
6258,25000,18456,First Owner,8,100,Hero
6259,90000,10144,First Owner,3,250,Yamaha
6260,25000,19296,First Owner,9,100,Hero
6261,80000,12000,First Owner,3,150,Yamaha
6262,25000,13000,First Owner,10,125,Hero
6263,70000,11592,First Owner,3,150,Yamaha
6264,50000,18096,First Owner,6,220,Bajaj
6265,49000,18510,First Owner,6,150,Bajaj
6266,120000,44000,First Owner,5,250,Honda
6267,24000,26520,First Owner,9,125,Honda
6268,14000,59752,First Owner,10,125,Bajaj
6269,40000,42000,First Owner,7,100,Hero
6270,142000,16690,First Owner,3,350,Royal Enfield
6271,30000,30920,First Owner,10,150,Yamaha
6272,45000,29000,First Owner,5,150,Bajaj
6273,22000,22174,First Owner,5,100,Bajaj
6274,70000,20000,First Owner,4,200,TVS
6275,54000,5900,First Owner,2,110,Honda
6276,110000,21613,First Owner,4,250,Yamaha
6277,105000,6900,First Owner,2,150,Yamaha
6278,45000,8324,First Owner,3,100,Hero
6279,89000,38000,First Owner,5,200,Bajaj
6280,16000,42000,First Owner,14,150,Bajaj
6281,60000,46790,First Owner,5,200,TVS
6282,60000,36000,Third Owner,11,350,Royal Enfield
6283,175000,1800,First Owner,2,410,Royal Enfield
6284,145000,7000,First Owner,6,535,Royal Enfield
6285,68000,59544,Second Owner,10,350,Royal Enfield
6286,47900,30100,First Owner,6,223,Hero
6287,340000,12000,First Owner,7,750,Harley-Davidson
6288,113000,2343,First Owner,5,200,KTM
6289,26000,46267,Second Owner,10,220,Bajaj
6290,52949,26000,First Owner,8,200,Bajaj
6291,18000,32000,First Owner,13,150,Hero
6292,74000,15000,First Owner,9,350,Royal Enfield
6293,85000,11063,First Owner,6,200,Bajaj
6294,97000,24699,First Owner,4,200,KTM
6295,34999,45000,First Owner,13,150,Yamaha
6296,148000,12050,First Owner,3,350,Royal Enfield
6297,45000,18500,First Owner,7,223,Hero
6298,140000,2000,First Owner,2,350,Royal Enfield
6299,573300,28000,First Owner,5,883,Harley-Davidson
6300,18000,12200,First Owner,9,110,Yamaha
6301,34000,11536,First Owner,5,100,TVS
6302,19000,23878,First Owner,11,100,Hero
6303,18500,32184,First Owner,16,100,Hero
6304,37000,19598,First Owner,6,100,Hero
6305,36000,14192,First Owner,6,110,Honda
6306,36000,14210,First Owner,6,110,Honda
6307,36000,21172,First Owner,8,125,Honda
6308,35500,17405,First Owner,7,125,Honda
6309,35000,15242,First Owner,6,110,Honda
6310,34000,4474,First Owner,3,100,TVS
6311,120000,11735,First Owner,5,390,KTM
6312,50000,18835,First Owner,8,150,Yamaha
6313,20000,45000,First Owner,10,110,Honda
6314,95000,40000,First Owner,10,500,Royal Enfield
6315,114000,13631,First Owner,6,500,Royal Enfield
6316,105000,19111,First Owner,7,500,Royal Enfield
6317,48000,39000,Second Owner,9,150,Yamaha
6318,18000,61906,First Owner,8,125,Bajaj
6319,28000,15000,First Owner,8,125,Bajaj
6320,42000,32702,First Owner,9,150,Yamaha
6321,15000,300000,Second Owner,19,150,Hero
6322,186000,22000,First Owner,7,300,Kawasaki
6323,28000,16300,First Owner,5,125,Yamaha
6324,125000,10158,First Owner,5,410,Royal Enfield
6325,98000,16646,First Owner,3,200,TVS
6326,120000,2069,First Owner,7,350,Royal Enfield
6327,95000,17000,First Owner,9,350,Royal Enfield
6328,40000,24056,First Owner,4,110,Honda
6329,130000,3688,First Owner,2,350,Royal Enfield
6330,33000,33500,First Owner,8,180,Bajaj
6331,32000,24079,First Owner,8,150,Bajaj
6332,32000,18136,First Owner,9,150,Bajaj
6333,32000,14118,First Owner,3,100,Bajaj
6334,32000,7652,First Owner,4,100,Bajaj
6335,32000,15989,First Owner,4,100,Bajaj
6336,30894,42305,First Owner,7,150,Bajaj
6337,30000,51132,First Owner,6,100,Bajaj
6338,29000,15369,First Owner,3,100,Bajaj
6339,39000,15000,First Owner,7,180,Bajaj
6340,39000,26885,First Owner,5,150,Bajaj
6341,38000,22724,First Owner,7,150,Bajaj
6342,38000,66731,First Owner,3,100,Bajaj
6344,36400,6000,First Owner,3,100,Bajaj
6345,36000,10160,First Owner,4,100,Bajaj
6346,35000,15202,First Owner,9,150,Bajaj
6347,35000,30000,First Owner,8,135,Bajaj
6348,34000,18672,First Owner,3,100,Bajaj
6349,34000,10841,First Owner,3,100,Bajaj
6350,29000,18000,First Owner,7,110,Mahindra
6351,28000,21336,First Owner,10,100,Hero
6352,74084,12833,First Owner,3,180,Bajaj
6353,72000,21389,First Owner,4,220,Bajaj
6354,65000,19134,First Owner,6,220,Bajaj
6355,56000,21435,First Owner,4,150,Bajaj
6356,55000,18000,First Owner,5,220,Bajaj
6357,46000,23000,First Owner,8,200,Bajaj
6358,45000,22222,First Owner,7,220,Bajaj
6359,26000,37877,First Owner,7,100,Hero
6360,26000,14000,First Owner,11,150,Hero
6361,26000,20000,First Owner,9,100,Hero
6363,26000,35655,First Owner,6,100,Hero
6364,24000,2392,First Owner,9,125,Honda
6365,24000,38706,First Owner,8,110,Honda
6366,24000,20509,First Owner,12,125,Honda
6367,30000,18000,First Owner,6,100,Hero
6368,30000,21326,First Owner,7,100,Hero
6369,30000,18251,First Owner,8,125,Hero
6370,30000,33824,First Owner,6,100,Hero
6371,42000,6500,First Owner,5,150,Hero
6372,42000,9164,First Owner,3,100,Hero
6373,42000,9817,First Owner,3,100,Hero
6374,42000,23000,First Owner,3,100,Hero
6375,40000,5000,First Owner,4,110,Hero
6376,40000,20000,First Owner,5,100,Hero
6377,118000,5222,First Owner,5,350,Royal Enfield
6378,115000,9820,First Owner,3,350,Royal Enfield
6379,114000,9282,First Owner,7,500,Royal Enfield
6380,50000,5500,First Owner,3,100,Hero
6381,112000,6646,First Owner,6,350,Royal Enfield
6382,111000,55532,First Owner,4,350,Royal Enfield
6383,25000,24614,First Owner,10,100,Bajaj
6384,24000,35000,First Owner,7,125,Bajaj
6385,24000,25000,First Owner,7,100,Bajaj
6386,24000,20014,First Owner,5,100,Bajaj
6401,75000,14672,First Owner,4,250,Yamaha
6402,83000,73000,First Owner,7,350,Royal Enfield
6403,17500,14736,First Owner,8,100,TVS
6404,33000,99999,First Owner,7,150,Yamaha
6405,12000,18999,First Owner,11,100,Bajaj
6406,13000,53135,First Owner,12,100,Bajaj
6407,31000,20000,First Owner,8,150,Hero
6408,30900,36584,First Owner,5,100,Hero
6409,50000,28854,First Owner,4,220,Bajaj
6410,24000,18857,First Owner,8,125,Hero
6411,24000,15570,First Owner,8,100,Hero
6412,22500,49250,First Owner,11,110,Honda
6413,64000,19394,First Owner,9,160,TVS
6414,60000,18588,First Owner,5,160,TVS
6415,58000,18583,First Owner,6,180,TVS
6416,95000,8000,First Owner,6,350,Royal Enfield
6417,57000,3983,First Owner,3,150,Bajaj
6418,75000,24400,First Owner,5,220,Bajaj
6419,25000,30000,First Owner,9,150,Suzuki
6420,57000,8583,First Owner,5,220,Bajaj
6421,50000,9060,First Owner,7,150,Honda
6422,56000,15000,First Owner,4,150,Bajaj
6423,57000,18007,First Owner,5,220,Bajaj
6424,55000,22700,First Owner,7,200,Bajaj
6425,49000,47043,First Owner,5,220,Bajaj
6426,21000,88000,First Owner,13,150,Bajaj
6427,16000,65719,Second Owner,11,110,Honda
6428,43959,42345,Second Owner,8,200,Bajaj
6441,19500,26146,First Owner,10,100,Hero
6442,92000,4700,First Owner,4,150,Suzuki
6443,40000,16000,First Owner,6,150,Suzuki
6444,34000,85000,First Owner,6,150,Suzuki
6445,27500,19371,First Owner,5,100,Hero
6446,87900,31000,First Owner,6,200,Bajaj
6447,200000,7500,First Owner,3,390,KTM
6448,28500,18056,First Owner,5,100,Hero
6449,27000,18000,First Owner,9,100,Hero
6452,50000,30112,First Owner,8,150,Yamaha
6453,216100,11500,First Owner,3,390,KTM
6454,70000,1217,First Owner,4,150,Suzuki
6456,25000,38554,First Owner,7,150,Yamaha
6457,90000,20615,First Owner,6,350,Royal Enfield
6458,20000,40000,First Owner,10,150,Bajaj
6459,65000,12500,First Owner,4,160,Honda
6460,84000,12398,First Owner,3,250,Yamaha
6461,55000,20802,First Owner,4,160,Bajaj
6462,15000,22967,First Owner,14,100,Hero
6463,15000,18563,First Owner,14,150,Hero
6464,19000,47075,First Owner,12,100,Hero
6465,33000,13114,First Owner,4,110,Honda
6466,19000,41118,First Owner,12,100,Hero
6467,23000,32969,First Owner,5,100,TVS
6468,21000,20719,First Owner,8,110,Honda
6469,35000,13496,Second Owner,8,150,Yamaha
6470,47000,36000,First Owner,9,150,Yamaha
6471,40000,51210,Second Owner,7,180,Bajaj
6472,17000,62554,First Owner,14,200,Bajaj
6473,35000,6541,First Owner,3,100,Bajaj
6474,17000,27000,Second Owner,10,125,Honda
6475,10000,49999,First Owner,15,150,Bajaj
6476,22000,38706,First Owner,8,110,Honda
6477,180000,168,First Owner,2,390,KTM
6478,20000,24530,First Owner,9,125,Bajaj
6479,25800,23208,First Owner,6,125,Honda
6480,22000,87056,First Owner,8,125,Honda
6481,33000,35467,First Owner,5,150,Bajaj
6482,130000,17500,First Owner,4,350,Royal Enfield
6483,19000,25878,First Owner,7,110,Honda
6484,50000,40000,Second Owner,8,150,Yamaha
6485,70000,30000,First Owner,11,350,Royal Enfield
6486,75000,10687,First Owner,5,200,Bajaj
6487,36000,20785,First Owner,5,150,Bajaj
6488,145000,14636,First Owner,3,200,Bajaj
6489,45918,51396,Second Owner,12,350,Royal Enfield
6490,24000,28642,First Owner,9,100,Hero
6491,45000,25000,First Owner,6,150,Honda
6492,91000,2000,First Owner,6,350,Royal Enfield
6493,30000,19000,First Owner,7,150,Bajaj
6494,20000,40000,First Owner,7,150,Bajaj
6495,35800,34883,First Owner,6,150,Bajaj
6496,25000,46995,First Owner,6,150,Bajaj
6497,122000,11500,First Owner,9,250,Kawasaki
6498,62000,17000,First Owner,5,150,Bajaj
6499,88000,43000,First Owner,7,200,KTM
6500,170000,5700,First Owner,3,500,Royal Enfield
6501,1490000,12500,First Owner,5,1200,Ducati
6502,78000,36000,First Owner,9,350,Royal Enfield
6503,62900,9821,First Owner,9,350,Royal Enfield
6504,24000,12015,First Owner,7,100,Hero
6505,72000,15500,First Owner,4,150,Suzuki
6506,19000,16787,First Owner,14,125,Hero
6507,95000,10000,First Owner,9,500,Royal Enfield
6508,25000,22588,First Owner,7,110,Hero
6509,19000,16208,First Owner,10,100,Hero
6510,22000,23990,First Owner,9,100,Hero
6511,22000,22788,First Owner,8,100,Hero
6512,38700,28500,Second Owner,6,150,Bajaj
6513,35000,10975,First Owner,6,125,Honda
6514,35000,20930,First Owner,3,100,Hero
6515,40000,10637,First Owner,3,110,Honda
6516,65000,6903,First Owner,2,180,Bajaj
6517,140000,11000,First Owner,3,350,Royal Enfield
6518,43000,6000,First Owner,7,220,Bajaj
6519,75000,20000,First Owner,5,150,Honda
6520,80000,4703,First Owner,6,200,Bajaj
6521,20000,64500,Second Owner,8,125,Hero
6522,48928,56000,First Owner,9,200,Bajaj
6523,90100,37500,First Owner,7,350,Royal Enfield
6524,52000,32000,First Owner,6,220,Bajaj
6525,34000,17500,Second Owner,4,125,Bajaj
6526,75000,14400,First Owner,4,150,Yamaha
6527,32900,11000,First Owner,8,220,Bajaj
6528,16500,16181,First Owner,8,125,Bajaj
6529,20000,19071,First Owner,9,100,Hero
6530,24000,14888,First Owner,7,100,Hero
6531,33000,33000,First Owner,8,125,Hero
6532,38000,15383,First Owner,2,100,Bajaj
6533,36000,23276,First Owner,5,150,Bajaj
6534,55000,30000,First Owner,9,150,Honda
6535,17000,70000,First Owner,14,100,Hero
6536,14800,24184,First Owner,15,100,Bajaj
6537,395000,5043,Second Owner,5,750,Harley-Davidson
6538,105000,6462,First Owner,4,200,Bajaj
6565,19326,79000,First Owner,8,125,Hero
6566,30000,16544,First Owner,4,100,Bajaj
6567,110000,11776,First Owner,4,350,Royal Enfield
6568,36000,12561,First Owner,3,100,Hero
6569,20000,25081,First Owner,10,150,Yamaha
6570,16000,18431,First Owner,10,110,Yamaha
6571,86000,15228,First Owner,2,160,TVS
6572,120000,12028,First Owner,6,350,Royal Enfield
6573,102000,32737,First Owner,5,500,Royal Enfield
6574,61000,9385,First Owner,3,160,TVS
6575,78000,31000,First Owner,5,150,Suzuki
6576,42000,17226,First Owner,4,100,Hero
6577,68000,3240,First Owner,2,150,Suzuki
6578,105000,15932,First Owner,4,350,Royal Enfield
6579,27000,7960,First Owner,5,100,Hero
6580,20000,18821,First Owner,10,100,Hero
6581,31000,24451,First Owner,4,100,Bajaj
6582,50800,39000,First Owner,5,220,Bajaj
6583,114000,22493,First Owner,5,500,Royal Enfield
6584,29000,31646,First Owner,5,125,Honda
6585,23000,7193,First Owner,6,150,Bajaj
6587,22000,19224,First Owner,7,100,Hero
6588,26000,15768,First Owner,6,125,Honda
6589,90000,15837,First Owner,5,350,Royal Enfield
6590,130000,19249,First Owner,2,350,Royal Enfield
6591,42000,15833,First Owner,3,110,Honda
6592,42000,16974,First Owner,4,125,Honda
6593,80000,14547,First Owner,3,150,Suzuki
6594,62000,45263,First Owner,6,150,Suzuki
6595,58000,27167,First Owner,5,150,Suzuki
6596,48000,23541,First Owner,6,150,Suzuki
6597,55000,18000,First Owner,4,100,Hero
6598,38500,18000,First Owner,6,110,Hero
6599,35000,10031,First Owner,4,100,Hero
6600,35000,17105,First Owner,6,100,Hero
6601,35000,10996,First Owner,4,100,Hero
6602,35000,18000,First Owner,4,100,Hero
6603,35000,13273,First Owner,5,110,Hero
6604,23000,17537,First Owner,9,100,Hero
6605,23000,15711,First Owner,8,100,Hero
6606,17000,32458,First Owner,11,150,Bajaj
6607,23000,22705,First Owner,9,125,Honda
6608,23000,2392,First Owner,9,125,Honda
6609,180000,5700,First Owner,3,310,TVS
6610,80000,11877,Second Owner,3,160,TVS
6611,17500,50856,First Owner,13,135,Bajaj
6612,35000,10430,First Owner,3,100,Bajaj
6613,39500,5448,First Owner,2,100,Hero
6616,40000,12808,First Owner,3,125,Bajaj
6617,40000,32057,First Owner,6,220,Bajaj
6638,24000,40422,First Owner,9,180,Bajaj
6639,24000,45335,First Owner,7,100,Bajaj
6640,23000,26739,First Owner,6,100,Bajaj
6641,23000,22397,First Owner,5,100,Bajaj
6642,23000,17775,First Owner,6,100,Bajaj
6643,22800,15000,Second Owner,10,180,Bajaj
6644,22500,19777,First Owner,8,135,Bajaj
6645,22000,32500,First Owner,10,100,Bajaj
6646,22000,21448,First Owner,8,100,Bajaj
6647,21000,19877,First Owner,9,150,Bajaj
6648,21000,65822,First Owner,9,125,Bajaj
6649,53000,28850,First Owner,4,160,Honda
6650,194999,5000,Second Owner,3,500,Royal Enfield
6651,65000,17000,First Owner,12,350,Royal Enfield
6652,97000,748,First Owner,2,150,Yamaha
6653,145000,17573,First Owner,4,250,KTM
6654,95000,15600,First Owner,8,250,Honda
6655,175000,7000,First Owner,5,500,Royal Enfield
6656,44000,5400,First Owner,3,110,TVS
6657,113500,4000,First Owner,5,200,Bajaj
6660,115000,3300,First Owner,5,410,Royal Enfield
6661,65000,6202,First Owner,5,180,TVS
6662,40000,11000,First Owner,6,100,Hero
6663,39107,16289,First Owner,4,100,Hero
6664,20000,18218,First Owner,11,100,Hero
6665,39000,15000,First Owner,5,100,Hero
6666,95000,2100,First Owner,6,350,Royal Enfield
6667,16000,70000,First Owner,8,125,Honda
6668,89000,1300,First Owner,4,160,Bajaj
6669,125000,6800,First Owner,4,200,KTM
6670,91000,8686,First Owner,3,200,TVS
6671,50000,3747,First Owner,3,110,Honda
6672,162000,16659,First Owner,2,500,Royal Enfield
6673,25000,65000,First Owner,10,125,Bajaj
6674,550000,18250,First Owner,4,650,Kawasaki
6675,185000,8903,First Owner,7,250,Hyosung
6676,499000,6000,First Owner,2,750,Harley-Davidson
6677,150000,8500,First Owner,4,500,Royal Enfield
6678,33000,19255,First Owner,7,150,Bajaj
6679,37999,18305,First Owner,5,110,Mahindra
6680,34500,10533,First Owner,6,110,Honda
6681,25000,23850,First Owner,11,150,Yamaha
6682,83000,48000,First Owner,4,150,Yamaha
6683,90047,41000,First Owner,6,350,Royal Enfield
6684,109999,4000,First Owner,4,400,Bajaj
6685,120000,8000,Third Owner,38,350,Royal Enfield
6686,76000,15961,First Owner,8,500,Royal Enfield
6687,17000,42344,First Owner,10,100,Hero
6688,178200,3000,First Owner,3,250,KTM
6689,70000,32000,Second Owner,63,350,Royal Enfield
6690,85000,18000,First Owner,6,200,Bajaj
6691,120000,16000,First Owner,5,350,Royal Enfield
6692,122000,20472,First Owner,3,500,Royal Enfield
6693,30000,18223,First Owner,7,223,Hero
6694,40000,8457,First Owner,6,150,Suzuki
6695,39000,62837,First Owner,9,200,Bajaj
6696,130000,15000,First Owner,5,500,Royal Enfield
6697,40000,57000,First Owner,6,150,Suzuki
6698,20000,27420,First Owner,9,135,Bajaj
6699,299300,6000,First Owner,7,650,Kawasaki
6700,700000,6500,First Owner,3,650,Kawasaki
6701,9500,50000,First Owner,16,150,Bajaj
6702,10414,43000,First Owner,15,150,Bajaj
6703,120000,18000,First Owner,7,500,Royal Enfield
6704,45500,21500,First Owner,6,150,Yamaha
6716,100000,30000,First Owner,5,350,Royal Enfield
6717,12000,61000,First Owner,14,100,Bajaj
6718,70000,26000,First Owner,9,150,Yamaha
6720,60000,14000,First Owner,4,150,Suzuki
6721,18000,16999,First Owner,9,100,Hero
6722,17000,12090,First Owner,10,100,Bajaj
6723,50000,20712,First Owner,4,160,TVS
6724,115000,24667,First Owner,6,500,Royal Enfield
6725,110000,12800,First Owner,8,500,Royal Enfield
6726,55000,15000,Second Owner,3,125,Honda
6732,103700,18023,First Owner,5,200,Bajaj
6733,124900,35000,First Owner,5,300,Mahindra
6734,128000,15000,First Owner,4,200,KTM
6735,85500,10799,First Owner,4,150,Yamaha
6736,34500,43561,First Owner,8,150,Honda
6737,120000,18056,First Owner,4,500,Royal Enfield
6741,12000,44004,First Owner,14,125,Bajaj
6757,63098,49600,First Owner,9,150,Yamaha
6758,20000,24870,First Owner,5,100,Bajaj
6762,80000,7098,First Owner,3,220,Bajaj
6763,70000,70000,Second Owner,24,350,Royal Enfield
6764,75500,21620,First Owner,3,200,TVS
6765,20000,38185,First Owner,9,100,Hero
6766,17500,83742,First Owner,12,125,Honda
6767,41000,31651,First Owner,5,220,Bajaj
6768,25000,18754,First Owner,7,100,Hero
6769,45000,18576,First Owner,3,100,Hero
6770,51000,5120,First Owner,3,100,Hero
6771,20800,20757,First Owner,8,100,Hero
6772,24700,16754,First Owner,6,100,Hero
6773,120000,15186,First Owner,5,390,KTM
6774,19000,22700,First Owner,13,125,Honda
6775,24000,34716,First Owner,7,125,Bajaj
6776,81000,13000,First Owner,3,200,TVS
6777,45000,841,First Owner,5,220,Bajaj
6778,119000,8253,First Owner,4,350,Royal Enfield
6779,22000,50000,First Owner,10,135,Bajaj
6780,38800,7200,First Owner,5,110,Yamaha
6787,106000,7157,First Owner,2,200,TVS
6788,70000,12000,First Owner,7,250,Honda
6789,450000,17000,Second Owner,7,883,Harley-Davidson
6790,140000,10936,First Owner,3,400,Bajaj
6791,160000,6177,First Owner,3,400,Bajaj
6792,1350000,1911,First Owner,5,1090,MV
6793,789000,13000,First Owner,4,765,Triumph
6794,1200000,25800,First Owner,4,800,Triumph
6795,875000,750,First Owner,2,765,Triumph
6796,100000,10400,First Owner,6,350,Royal Enfield
6800,61300,16500,First Owner,7,150,Yamaha
6801,94000,10164,First Owner,4,400,Bajaj
6802,70705,5500,First Owner,3,180,Bajaj
6803,45000,22300,First Owner,4,150,Hero
6804,35000,12000,First Owner,6,125,Bajaj
6805,25000,60000,First Owner,9,150,Hero
6806,99900,17000,First Owner,9,350,Royal Enfield
6807,160000,14000,First Owner,4,500,Royal Enfield
6811,32000,12785,Second Owner,12,150,Yamaha
6816,50000,23264,First Owner,4,160,Bajaj
6824,65000,60000,First Owner,8,150,Yamaha
6825,35000,13146,First Owner,3,125,Bajaj
6826,51000,20349,First Owner,5,150,Bajaj
6840,100000,87735,First Owner,3,200,TVS
6844,23000,27020,First Owner,8,110,Hero
6845,18000,20779,First Owner,12,100,Hero
6846,32000,22405,First Owner,5,100,Hero
6856,41000,17477,First Owner,5,150,Bajaj
6857,33000,10589,First Owner,11,150,Yamaha
6858,70000,30453,First Owner,9,500,Royal Enfield
6859,23000,17300,First Owner,7,100,Bajaj
6860,70300,10000,First Owner,12,350,Royal Enfield
6861,170000,9500,First Owner,3,410,Royal Enfield
6862,20800,27161,First Owner,8,100,Bajaj
6863,130000,5500,First Owner,4,200,Bajaj
6864,39000,13000,First Owner,7,150,Yamaha
6865,95000,13254,First Owner,7,500,Royal Enfield
6866,158300,3136,First Owner,5,500,Royal Enfield
6867,105800,12732,First Owner,7,350,Royal Enfield
6868,30000,45000,First Owner,6,100,Hero
6869,80000,35741,First Owner,7,250,Honda
6870,46000,25400,First Owner,5,150,Bajaj
6871,47000,23980,First Owner,5,150,Bajaj
6872,1500000,2000,First Owner,3,800,MV
6873,38000,19896,First Owner,5,150,Bajaj
6874,45000,33881,Second Owner,5,150,Bajaj
6875,95000,30000,First Owner,6,200,KTM
6876,78500,22000,First Owner,7,350,Royal Enfield
6877,24000,59270,First Owner,8,125,Hero
6878,103800,22300,First Owner,6,200,KTM
6879,36000,16000,Second Owner,8,180,Bajaj
6880,35000,25108,First Owner,11,150,Yamaha
6881,84550,35000,Second Owner,10,500,Royal Enfield
6882,111467,3537,First Owner,4,350,Royal Enfield
6883,300000,190,First Owner,2,400,Kawasaki
6884,49000,21000,First Owner,6,150,Yamaha
6885,40000,28000,Second Owner,6,150,Yamaha
6886,70000,28000,First Owner,12,350,Royal Enfield
6887,19786,10000,First Owner,10,150,Bajaj
6888,53000,43000,First Owner,7,200,Bajaj
6889,130000,12006,First Owner,6,390,KTM
6890,40000,30583,First Owner,11,150,Yamaha
6891,30200,33333,First Owner,8,100,Hero
6892,200000,36102,First Owner,8,300,Kawasaki
6893,175000,16796,First Owner,3,500,Royal Enfield
6894,21000,23000,First Owner,7,100,TVS
6895,24000,23522,First Owner,5,100,TVS
6896,102000,12542,First Owner,5,350,Royal Enfield
6897,135000,13500,First Owner,3,350,Royal Enfield
6898,150000,19600,Second Owner,5,410,Royal Enfield
6899,150000,7300,First Owner,5,410,Royal Enfield
6900,550000,7000,First Owner,2,502,Benelli
6901,830000,19300,First Owner,3,900,Kawasaki
6902,110000,9876,First Owner,4,350,Royal Enfield
6903,109000,2000,First Owner,5,350,Royal Enfield
6904,63000,23000,First Owner,8,350,Royal Enfield
6905,24500,44200,First Owner,8,150,Hero
6906,55000,25385,First Owner,7,150,Honda
6907,12000,34904,First Owner,12,100,Hero
6908,24500,40929,First Owner,5,100,Bajaj
6909,580000,6400,First Owner,4,600,Benelli
6910,18000,13049,First Owner,11,100,Bajaj
6911,25000,50000,Second Owner,7,150,Hero
6912,51000,24675,First Owner,5,150,Bajaj
6913,49000,4583,First Owner,4,150,Suzuki
6914,30000,51751,First Owner,4,125,Honda
6915,55000,20265,First Owner,7,150,Yamaha
6916,152500,12280,First Owner,4,390,KTM
6917,139300,19000,First Owner,5,535,Royal Enfield
6918,38000,21000,First Owner,9,150,Hero
6919,18000,19864,Second Owner,9,150,Hero
6920,47000,8533,First Owner,3,150,Bajaj
6921,58700,19500,First Owner,9,150,Yamaha
6922,43500,17500,First Owner,5,150,Bajaj
6923,40000,46507,First Owner,9,200,Bajaj
6924,45000,45000,First Owner,7,180,Bajaj
6925,65000,23000,First Owner,5,220,Bajaj
6926,65000,25533,First Owner,5,160,Honda
6927,70000,13241,First Owner,4,200,Bajaj
6928,115000,24322,First Owner,6,390,KTM
6929,23000,31477,First Owner,11,150,Bajaj
6930,100000,18992,First Owner,5,200,Bajaj
6931,500000,5989,First Owner,4,650,Kawasaki
6971,22980,20000,First Owner,8,125,TVS
6972,28980,20000,First Owner,6,110,TVS
6973,75000,6668,First Owner,4,160,TVS
6975,14000,8188,First Owner,11,150,Hero
6976,135000,12000,First Owner,3,350,Royal Enfield
6977,37000,16462,First Owner,7,100,Hero
6978,25989,20000,First Owner,12,150,Hero
6979,24000,26590,First Owner,9,100,Hero
6980,56000,6539,First Owner,3,160,TVS
6981,56000,1168,First Owner,2,110,Hero
6982,130000,3734,First Owner,3,350,Royal Enfield
6983,150000,37326,First Owner,5,390,KTM
6984,125000,51137,First Owner,7,390,KTM
6985,90000,43740,Fourth Owner Or More,7,350,Royal Enfield
6986,95000,32182,Second Owner,9,350,Royal Enfield
6987,45000,32119,First Owner,6,150,Yamaha
6988,65000,9200,First Owner,4,200,TVS
6989,118000,23000,First Owner,6,350,Royal Enfield
6990,55000,10000,First Owner,8,150,Yamaha
6991,60000,26359,First Owner,4,220,Bajaj
6992,80000,3509,First Owner,2,160,Bajaj
6993,45900,43599,First Owner,4,150,Suzuki
6994,70000,9707,First Owner,5,180,TVS
6995,94900,60000,First Owner,7,350,Royal Enfield
6996,90000,61129,First Owner,5,350,Royal Enfield
6997,48800,10000,First Owner,3,100,Hero
6998,42985,6000,First Owner,3,110,TVS
7016,72000,13637,First Owner,4,200,TVS
7017,103000,11996,First Owner,3,150,Yamaha
7018,118000,17000,First Owner,5,500,Royal Enfield
7019,135000,10779,First Owner,2,350,Royal Enfield
7020,60000,5195,First Owner,4,220,Bajaj
7021,66000,2981,First Owner,4,220,Bajaj
7022,150000,12000,First Owner,4,410,Royal Enfield
7023,40500,21587,First Owner,5,150,Bajaj
7024,215900,3900,Second Owner,2,390,KTM
7025,55000,8728,First Owner,3,150,Suzuki
7026,51426,3622,Second Owner,12,350,Royal Enfield
7034,43198,50000,First Owner,7,223,Hero
7035,150000,19000,First Owner,5,390,KTM
7036,185000,8900,First Owner,5,390,KTM
7037,214000,19000,First Owner,3,390,KTM
7038,35000,60000,Fourth Owner Or More,18,350,Royal Enfield
7044,35000,12000,First Owner,8,150,Hero
7045,18000,9213,First Owner,9,150,Honda
7046,75000,43678,First Owner,7,350,Royal Enfield
7047,100000,18000,First Owner,4,350,Royal Enfield
7048,58500,15500,Second Owner,4,150,Suzuki
7049,48000,23000,First Owner,3,110,Hero
7050,16000,51700,First Owner,10,150,Honda
7051,46000,10000,First Owner,3,100,Hero
7052,15000,67945,First Owner,11,100,Bajaj
7053,27000,36000,Third Owner,11,110,Honda
7054,50000,65000,First Owner,17,350,Royal Enfield
7055,46000,6222,First Owner,2,100,TVS
7056,35000,59835,First Owner,6,150,Suzuki
7057,32000,2820,First Owner,5,100,Hero
7058,153300,1500,First Owner,5,410,Royal Enfield
7061,22000,10835,First Owner,10,125,Honda
7062,17500,92000,First Owner,10,150,Bajaj
7063,34500,26476,First Owner,5,150,Bajaj
7064,1100000,24000,First Owner,4,107,Harley-Davidson
7065,87000,27500,First Owner,6,350,Royal Enfield
7069,22999,41000,Second Owner,11,135,Bajaj
7089,54000,20000,First Owner,7,200,Bajaj
7090,30000,21062,First Owner,6,100,Hero
7092,28000,27212,First Owner,7,100,Bajaj
7093,164200,1600,First Owner,4,400,Bajaj
7094,13700,52000,Second Owner,16,223,Hero
7096,22000,25536,First Owner,9,150,Hero
7097,38000,23765,First Owner,6,150,Suzuki
7100,40000,43500,First Owner,11,180,Bajaj
7101,445600,10741,First Owner,5,750,Harley-Davidson
7102,135000,21900,First Owner,3,400,Bajaj
7103,34200,4000,First Owner,5,100,Bajaj
7104,180000,9382,First Owner,5,390,KTM
7105,32000,17529,First Owner,8,220,Bajaj
7106,15000,39637,First Owner,14,180,Bajaj
7107,97000,12184,First Owner,6,500,Royal Enfield
7108,50900,40700,First Owner,5,220,Bajaj
7109,52500,29250,First Owner,5,150,Bajaj
7110,30000,14252,First Owner,8,100,Bajaj
7111,61000,25961,First Owner,4,150,Yamaha
7114,69500,15000,First Owner,3,160,Bajaj
7115,9000,69000,Second Owner,17,100,Hero
7116,106000,390,First Owner,3,200,Bajaj
7117,35000,40588,First Owner,7,150,Bajaj
7118,110000,8117,First Owner,3,150,Yamaha
7119,65000,8800,Third Owner,4,200,TVS
7120,75000,19000,First Owner,3,160,TVS
7121,44000,25000,First Owner,6,150,Bajaj
7122,80800,20513,First Owner,10,350,Royal Enfield
7123,55000,28864,Third Owner,8,150,Yamaha
7124,33200,21000,Second Owner,5,100,Hero
7133,150000,8800,First Owner,3,350,Royal Enfield
7134,110000,22000,First Owner,4,350,Royal Enfield
7135,34000,26110,First Owner,8,220,Bajaj
7136,67000,24063,First Owner,3,160,Honda
7137,132000,3467,First Owner,6,350,Royal Enfield
7146,65000,25708,First Owner,8,250,Honda
7147,25700,50000,First Owner,10,160,TVS
7148,130000,3500,First Owner,3,350,Royal Enfield
7149,99000,13431,First Owner,6,350,Royal Enfield
7150,13000,10000,First Owner,13,125,Bajaj
7151,35000,11211,First Owner,4,100,Hero
7152,62000,27813,First Owner,11,350,Royal Enfield
7153,130000,61000,First Owner,7,390,KTM
7154,44000,7230,First Owner,7,200,Bajaj
7155,40000,80402,First Owner,9,200,Bajaj
7157,62000,21734,First Owner,9,150,Yamaha
7158,125000,12800,First Owner,3,350,Royal Enfield
7170,170200,7123,First Owner,3,200,KTM
7171,69600,21000,First Owner,5,150,Suzuki
7172,90000,17000,First Owner,7,350,Royal Enfield
7173,64000,20094,First Owner,6,220,Bajaj
7174,150900,1200,First Owner,3,410,Royal Enfield
7175,15000,85086,First Owner,14,160,TVS
7176,25000,67503,Third Owner,15,150,Honda
7177,36000,20199,First Owner,7,150,Yamaha
7178,70000,30000,First Owner,5,160,Honda
7179,46000,28176,First Owner,7,150,Yamaha
7180,35000,46448,First Owner,6,100,Hero
7181,39000,20273,First Owner,4,100,Bajaj
7182,60000,6457,First Owner,4,220,Bajaj
7200,16000,25000,First Owner,12,125,Bajaj
7201,53000,29800,First Owner,4,180,TVS
7206,75000,16000,First Owner,6,200,Bajaj
7207,150000,32267,First Owner,5,390,KTM
7208,15000,70347,First Owner,13,125,Honda
7209,120000,2876,First Owner,5,350,Royal Enfield
7210,78500,10000,First Owner,6,200,Bajaj
7211,49500,20000,Second Owner,4,160,TVS
7212,189400,8000,First Owner,3,310,TVS
7213,154000,301,First Owner,3,500,Royal Enfield
7214,35800,25000,First Owner,7,150,Hero
7215,121000,9494,First Owner,6,500,Royal Enfield
7216,49000,6000,First Owner,8,220,Bajaj
7217,70000,43241,First Owner,6,150,Yamaha
7218,65000,14391,Second Owner,4,150,Yamaha
7219,118000,12000,First Owner,5,200,Bajaj
7220,75000,8500,First Owner,4,200,TVS
7221,45612,36000,First Owner,7,150,Yamaha
7222,30500,21000,Second Owner,8,150,Yamaha
7223,80000,48898,First Owner,7,500,Royal Enfield
7224,130000,19200,Second Owner,5,500,Royal Enfield
7225,22000,45000,First Owner,10,135,Bajaj
7231,170000,7000,First Owner,3,390,KTM
7232,80000,29850,First Owner,7,350,Royal Enfield
7233,65000,26925,First Owner,5,150,Yamaha
7234,20000,28090,First Owner,9,125,Honda
7235,60000,74,First Owner,1,110,Honda
7236,30000,59217,First Owner,5,150,Bajaj
7237,52000,7000,First Owner,6,220,Bajaj
7238,15000,54246,Second Owner,11,125,Honda
7239,12000,42083,First Owner,13,150,Bajaj
7240,53000,2505,First Owner,2,110,Honda
7241,55000,2505,First Owner,2,110,Honda
7242,25000,32162,Second Owner,10,100,Hero
7243,70000,25000,First Owner,7,350,Royal Enfield
7244,120000,34000,First Owner,6,500,Royal Enfield
7245,45000,10000,First Owner,4,110,Honda
7246,65000,8000,First Owner,3,110,Honda
7247,49990,46000,First Owner,7,220,Bajaj
7248,30000,70000,Second Owner,7,150,Yamaha
7250,146000,14000,First Owner,5,410,Royal Enfield
7251,149000,6600,First Owner,3,350,Royal Enfield
7256,23000,17122,First Owner,8,100,Hero
7257,24000,17540,First Owner,8,150,Bajaj
7258,24000,21990,First Owner,7,100,Hero
7259,24000,15451,First Owner,8,100,Hero
7260,24000,17980,First Owner,6,100,Hero
7261,24000,14244,First Owner,7,100,Hero
7262,14000,21007,First Owner,9,150,Yamaha
7263,25000,11332,First Owner,6,100,Hero
7264,25000,10721,First Owner,6,100,Hero
7265,25000,3192,First Owner,7,100,Hero
7266,26000,30489,First Owner,6,100,Hero
7267,87000,21000,First Owner,6,350,Royal Enfield
7268,195200,2503,First Owner,3,310,TVS
7269,45000,17000,First Owner,5,125,Honda
7270,19000,80828,First Owner,11,150,Bajaj
7271,70000,6135,First Owner,3,220,Bajaj
7272,38500,4877,First Owner,2,100,Bajaj
7273,32000,35466,First Owner,5,150,Bajaj
7274,75000,16135,First Owner,6,350,Royal Enfield
7275,30000,16217,First Owner,5,100,Hero
7276,46000,14788,First Owner,3,150,Bajaj
7277,17000,31214,First Owner,10,150,Hero
7278,80000,16298,First Owner,5,150,Bajaj
7279,29000,28619,First Owner,8,125,Honda
7280,120000,38000,First Owner,6,390,KTM
7281,75000,23085,First Owner,5,150,Yamaha
7282,100000,26098,First Owner,6,500,Royal Enfield
7283,75000,41000,First Owner,9,350,Royal Enfield
7284,16500,22457,First Owner,8,110,Yamaha
7285,148000,10805,First Owner,4,400,Bajaj
7286,130000,96046,First Owner,4,350,Royal Enfield
7287,75000,29716,First Owner,11,350,Royal Enfield
7288,23000,32500,Second Owner,11,160,TVS
7289,115000,38813,First Owner,4,400,Bajaj
7290,65000,38057,First Owner,7,150,Yamaha
7291,41000,26528,Third Owner,5,160,TVS
7292,175000,6078,First Owner,3,200,KTM
7293,162000,8000,First Owner,6,390,KTM
7294,133500,1608,First Owner,2,350,Royal Enfield
7295,67000,21963,First Owner,4,180,TVS
7296,185000,3004,First Owner,4,500,Royal Enfield
7297,80000,38430,First Owner,10,350,Royal Enfield
7298,83000,35678,First Owner,8,350,Royal Enfield
7299,26000,37469,First Owner,10,220,Bajaj
7300,44000,14107,First Owner,4,150,Bajaj
7301,35000,50000,First Owner,8,150,Hero
7302,21000,55000,First Owner,8,125,Yamaha
7303,24000,14500,First Owner,12,220,Bajaj
7304,41000,25943,First Owner,5,180,TVS
7305,18500,19492,First Owner,10,100,Hero
7306,36000,21578,First Owner,6,180,TVS
7307,17800,21587,First Owner,7,110,Mahindra
7308,25000,15775,First Owner,5,125,Yamaha
7309,145000,9500,First Owner,2,150,Yamaha
7310,63000,9999,First Owner,3,160,TVS
7311,70000,207102,First Owner,2,180,TVS
7312,10000,29825,Second Owner,11,150,Honda
7313,52000,12600,First Owner,4,160,Honda
7314,18000,35550,First Owner,11,100,Hero
7315,23500,19720,First Owner,6,125,Yamaha
7316,103000,19339,First Owner,5,350,Royal Enfield
7317,135000,22000,First Owner,5,500,Royal Enfield
7318,89300,17300,First Owner,6,200,Bajaj
7319,43800,6500,First Owner,6,150,Suzuki
7320,20000,10649,First Owner,6,100,TVS
7340,95000,20241,First Owner,6,350,Royal Enfield
7341,175000,23500,First Owner,5,390,KTM
7342,150000,27356,First Owner,3,350,Royal Enfield
7343,38700,40000,First Owner,5,150,Suzuki
7344,18000,31000,First Owner,8,110,Honda
7345,105000,1543,First Owner,5,350,Royal Enfield
7346,43000,33807,Second Owner,7,220,Bajaj
7347,45000,23481,First Owner,5,180,TVS
7348,836000,7224,First Owner,2,797,Ducati
7351,446200,2500,Second Owner,4,650,Hyosung
7352,55000,4779,First Owner,11,350,Royal Enfield
7353,74200,6300,First Owner,3,180,TVS
7354,60000,10121,First Owner,2,150,Bajaj
7355,21666,19075,First Owner,7,100,Bajaj
7356,22000,86845,First Owner,13,150,Bajaj
7357,45000,33000,First Owner,10,150,Yamaha
7358,45000,27000,First Owner,9,220,Bajaj
7359,90000,25000,First Owner,7,350,Royal Enfield
7360,51000,12668,First Owner,8,150,Yamaha
7361,28000,11131,First Owner,4,100,Bajaj
7362,31500,14267,First Owner,5,100,Bajaj
7363,16500,67731,First Owner,10,100,Hero
7364,70000,12266,First Owner,3,150,Suzuki
7365,23000,28870,First Owner,9,100,Hero
7366,33000,18643,First Owner,5,100,Hero
7367,32000,22844,First Owner,8,100,Hero
7368,20000,34304,First Owner,11,220,Bajaj
7369,38000,21822,First Owner,6,125,Honda
7370,21000,19774,First Owner,9,100,Hero
7371,27000,22115,First Owner,3,100,Bajaj
7372,21000,17210,First Owner,9,100,Hero
7373,21000,16057,First Owner,8,100,Hero
7374,35000,18303,First Owner,3,100,Hero
7375,33000,14244,First Owner,5,150,Honda
7376,41000,15880,Third Owner,5,160,TVS
7377,65000,10906,Second Owner,3,160,TVS
7378,76000,23885,First Owner,3,220,Bajaj
7379,38000,20000,First Owner,6,100,Hero
7380,18000,35778,First Owner,11,100,Hero
7381,46000,11309,First Owner,2,100,Hero
7382,32000,23060,First Owner,4,110,Honda
7383,48000,52904,First Owner,14,350,Royal Enfield
7384,53500,21890,First Owner,8,200,Bajaj
7385,30000,51000,First Owner,9,125,Honda
7386,47000,24580,First Owner,5,150,Bajaj
7387,19000,25794,First Owner,7,125,Yamaha
7388,42000,52000,Second Owner,7,223,Hero
7389,41900,20000,First Owner,7,160,TVS
7390,33000,12000,First Owner,4,100,Hero
7427,23400,25000,First Owner,11,223,Hero
7428,67500,35000,Second Owner,9,200,KTM
7429,70000,9900,First Owner,5,220,Bajaj
7430,60000,12000,First Owner,5,220,Bajaj
7431,170000,210,First Owner,8,650,Hyosung
7432,14500,43000,Second Owner,9,125,Honda
7434,50000,29800,First Owner,7,150,Yamaha
7443,89700,26000,First Owner,6,350,Royal Enfield
7444,80600,26000,Second Owner,7,350,Royal Enfield
7445,97942,8979,First Owner,6,350,Royal Enfield
7454,27000,46006,Second Owner,10,150,Yamaha
7455,25000,28000,First Owner,12,180,Bajaj
7456,42200,57000,First Owner,7,200,Bajaj
7457,95000,13452,First Owner,6,350,Royal Enfield
7458,34850,75838,First Owner,6,150,Honda
7459,34918,60055,First Owner,5,150,Bajaj
7460,60000,15500,First Owner,5,150,Yamaha
7462,273200,12000,First Owner,7,650,Hyosung
7463,350000,21000,Second Owner,7,750,Harley-Davidson
7464,160000,8298,First Owner,3,400,Bajaj
7465,27333,26000,First Owner,6,100,Hero
7466,46000,37000,First Owner,5,150,Bajaj
7467,100000,80000,Second Owner,41,250,Ideal
7468,11000,65000,First Owner,10,100,Hero
7469,40000,44000,First Owner,5,150,Yamaha
7470,41000,6168,First Owner,5,150,Yamaha
7471,32000,40828,First Owner,6,150,Yamaha
7472,33000,13007,Second Owner,6,150,Yamaha
7473,24000,28000,First Owner,7,100,Bajaj
7474,340000,13900,Second Owner,7,750,Harley-Davidson
7475,39000,7005,First Owner,6,100,Hero
7476,250000,45000,First Owner,5,320,Yamaha
7477,254581,19100,First Owner,4,320,Yamaha
7478,40000,37000,First Owner,7,150,Yamaha
7479,14500,35000,First Owner,12,110,TVS
7480,20000,50000,First Owner,8,100,Hero
7481,1149000,9875,First Owner,6,1300,Suzuki
7482,44300,9600,First Owner,6,150,Bajaj
7483,23000,36301,First Owner,13,135,Bajaj
7484,29000,12653,First Owner,7,150,Hero
7485,139300,5400,First Owner,5,350,Royal Enfield
7486,12500,53700,Second Owner,16,150,Bajaj
7487,15000,34997,First Owner,11,150,Bajaj
7488,55000,8200,First Owner,5,150,Bajaj
7489,109999,8821,First Owner,7,500,Royal Enfield
7490,52000,13551,First Owner,4,150,Bajaj
7491,125000,7292,First Owner,4,350,Royal Enfield
7492,20000,43750,Second Owner,13,220,Bajaj
7493,19000,41999,First Owner,8,135,Bajaj
7495,12000,35609,First Owner,7,125,Bajaj
7496,170000,18140,First Owner,3,500,Royal Enfield
7497,70500,8152,First Owner,3,160,Honda
7498,13500,48763,First Owner,10,110,Honda
7499,13000,28954,First Owner,9,125,Bajaj
7500,27000,41153,First Owner,6,125,Hero
7501,65000,7024,First Owner,3,160,TVS
7502,80000,2100,First Owner,5,150,Yamaha
7503,235000,1100,First Owner,4,390,KTM
7504,67500,10000,First Owner,3,160,Honda
7508,42273,44696,Second Owner,8,200,Bajaj
7509,35800,13574,First Owner,9,150,Yamaha
7510,35000,43399,Second Owner,6,150,Suzuki
7511,26000,18000,First Owner,9,100,Hero
7512,525000,6000,First Owner,4,750,Harley-Davidson
7513,145000,19000,First Owner,7,250,Hyosung
7514,195000,11000,First Owner,5,300,Benelli
7515,250000,11400,First Owner,5,300,Benelli
7516,26000,27000,First Owner,7,125,Bajaj
7520,13000,28881,First Owner,13,180,Bajaj
7521,50600,8000,First Owner,4,150,Yamaha
7523,75000,20500,First Owner,7,250,Honda
7525,17500,42852,First Owner,6,100,Bajaj
7526,59000,21952,First Owner,3,150,Honda
7527,38000,8000,First Owner,7,150,Yamaha
7528,138000,1038,First Owner,3,400,Bajaj
7531,33000,5900,First Owner,5,150,Bajaj
7532,110000,5500,First Owner,3,150,Yamaha
7533,40000,42966,First Owner,7,150,Yamaha
7534,30000,47000,First Owner,9,125,Honda
7535,80000,30900,Second Owner,9,250,Honda
7536,50000,44811,First Owner,10,250,Honda
7537,45000,34900,First Owner,7,150,Yamaha
7538,200000,15000,First Owner,5,300,Benelli
7542,15000,80000,First Owner,11,100,Hero
7543,49000,13959,First Owner,4,150,Yamaha
7544,55000,19400,First Owner,5,160,TVS
7545,45000,33247,First Owner,7,200,Bajaj
7547,125000,7530,First Owner,5,350,Royal Enfield
7548,12000,65536,First Owner,12,100,Bajaj
7549,21500,26542,First Owner,14,100,Bajaj
7550,120000,45000,First Owner,4,350,Royal Enfield
7551,48000,22500,First Owner,4,125,Honda
7553,29000,51106,First Owner,9,220,Bajaj
7557,15000,48000,Second Owner,8,125,Honda
7558,170000,3500,First Owner,4,250,KTM
7561,150000,12500,First Owner,4,250,KTM
7563,37000,42,First Owner,8,125,Bajaj
7564,30000,16900,First Owner,8,100,Hero
7565,38000,8962,First Owner,5,100,Hero
7566,45000,34000,First Owner,9,150,Yamaha
7567,15000,15000,First Owner,16,160,Hero
7568,51000,22000,First Owner,6,160,Honda
7569,23490,39000,First Owner,9,125,Bajaj
7570,23000,10009,First Owner,7,125,Hero
7573,106000,6200,First Owner,4,350,Royal Enfield
7574,11000,53254,First Owner,15,150,Honda
7575,74500,14934,First Owner,5,350,Royal Enfield
7576,333333,16000,First Owner,5,650,Kawasaki
7578,20000,59516,First Owner,9,125,Honda
7582,26799,45000,First Owner,8,100,Bajaj
7583,160000,11689,First Owner,3,350,Royal Enfield
7584,24000,20375,First Owner,6,100,Hero
7585,23000,18000,First Owner,6,125,Hero
7586,655000,5034,First Owner,4,797,Ducati
7587,380000,31000,First Owner,9,796,Ducati
7588,34154,33500,Second Owner,7,223,Hero
7589,125000,21000,Second Owner,6,535,Royal Enfield
7590,105000,7684,First Owner,2,200,Bajaj
7591,65000,26454,First Owner,3,180,TVS
7592,127600,12888,First Owner,4,200,KTM
7593,32000,10909,First Owner,5,110,Honda
7594,10000,1223,First Owner,13,150,Bajaj
7595,1070500,289,First Owner,3,959,Ducati
7596,72500,10000,First Owner,8,200,KTM
7597,260000,11000,First Owner,3,310,BMW
7598,22500,80000,First Owner,7,150,Yamaha
7599,25000,13382,Second Owner,10,150,Yamaha
7600,170000,3822,First Owner,3,250,KTM
7601,25000,22917,First Owner,9,150,Yamaha
7602,26000,37000,First Owner,9,150,Yamaha
7603,28000,566931,First Owner,5,150,Yamaha
7604,134700,5550,First Owner,5,390,KTM
7605,425000,4800,Second Owner,4,650,Kawasaki
7606,45000,41230,First Owner,6,160,Honda
7607,18900,38000,First Owner,11,135,Bajaj
7608,65000,36000,First Owner,6,200,Bajaj
7609,29000,25000,First Owner,11,100,Hero
7610,7000,80000,Third Owner,15,150,Bajaj
7611,8000,49730,Second Owner,11,100,TVS
7612,8100,49730,First Owner,11,100,TVS
7614,20000,16764,First Owner,9,100,Hero
7615,76200,18300,First Owner,7,150,Honda
7616,23000,42500,First Owner,13,100,Bajaj
7617,46000,17407,Second Owner,9,150,Honda
7618,250000,7600,Third Owner,5,750,Harley-Davidson
7619,22000,35000,Second Owner,11,135,Bajaj
7620,35000,11246,First Owner,5,125,Honda
7621,699000,9000,Third Owner,5,675,Triumph
7623,37500,20511,First Owner,5,100,Hero
7624,121700,10500,First Owner,3,150,Yamaha
7625,108000,11270,First Owner,5,200,Bajaj
7626,15344,71943,Third Owner,12,150,Bajaj
7627,70000,11000,First Owner,3,220,Bajaj
7630,530000,22800,First Owner,4,600,Benelli
7631,21000,11374,First Owner,11,150,Bajaj
7632,20000,81260,First Owner,8,100,Hero
7633,18000,750000,First Owner,10,100,Hero
7634,73000,6041,First Owner,4,200,Bajaj
7637,90000,20000,First Owner,9,200,KTM
7646,55000,32000,Third Owner,9,200,KTM
7649,18000,34860,First Owner,6,125,TVS
7650,478000,1234,First Owner,3,650,Kawasaki
7651,48000,63371,First Owner,8,150,Yamaha
7652,75000,28000,First Owner,7,150,Yamaha
7653,62000,14490,First Owner,8,150,Yamaha
7656,33700,54250,First Owner,8,220,Bajaj
7657,20000,45000,First Owner,11,200,Bajaj
7658,120000,28000,First Owner,6,350,Royal Enfield
7659,15500,21814,First Owner,7,135,Bajaj
7660,12200,58000,First Owner,10,100,TVS
7661,65000,26592,First Owner,4,220,Bajaj
7662,29000,26434,Second Owner,11,135,Bajaj
7663,24000,24527,First Owner,13,100,Hero
7664,36000,35000,First Owner,5,100,Hero
7665,32000,52500,First Owner,7,110,Hero
7666,33000,27629,First Owner,10,150,Yamaha
7667,25000,25000,First Owner,12,200,Bajaj
7668,135000,7582,First Owner,4,535,Royal Enfield
7669,67300,13000,First Owner,4,160,Honda
7670,950000,6898,First Owner,6,800,MV
7671,1550000,9800,Second Owner,6,1000,Yamaha
7672,32000,23000,First Owner,3,100,TVS
7673,33000,24000,First Owner,10,150,Yamaha
7674,44000,25220,First Owner,8,150,Yamaha
7675,67000,47493,First Owner,4,160,Honda
7676,58000,24220,First Owner,5,220,Bajaj
7677,58000,54500,First Owner,7,200,Bajaj
7678,58000,18200,First Owner,5,150,Yamaha
7679,59000,4258,First Owner,4,150,Suzuki
7680,40000,42000,First Owner,13,223,Hero
7690,56000,34721,First Owner,9,150,Yamaha
7691,25000,21000,First Owner,11,100,Hero
7693,116200,6000,First Owner,3,350,Royal Enfield
7694,215000,417,First Owner,2,500,Royal Enfield
7695,55000,47042,First Owner,5,220,Bajaj
7696,68000,4961,First Owner,4,150,Suzuki
7697,105000,4268,First Owner,2,200,Bajaj
7698,100000,12100,First Owner,10,500,Royal Enfield
7699,96000,7794,First Owner,7,350,Royal Enfield
7700,85000,9537,Second Owner,4,350,Royal Enfield
7701,28000,15234,First Owner,9,180,Bajaj
7702,50000,2000,First Owner,5,220,Bajaj
7703,37000,13919,First Owner,7,125,Honda
7704,83000,5578,First Owner,6,220,Bajaj
7705,35000,36845,First Owner,10,150,Yamaha
7707,140000,4832,First Owner,4,410,Royal Enfield
7708,105000,25000,First Owner,7,350,Royal Enfield
7709,34000,40000,First Owner,9,100,Hero
7710,72000,7500,First Owner,4,150,Yamaha
7711,50000,10100,First Owner,8,150,Bajaj
7712,31599,19111,First Owner,8,100,TVS
7713,56000,27350,First Owner,6,220,Bajaj
7714,103000,14400,First Owner,6,350,Royal Enfield
7715,125000,13000,First Owner,5,200,KTM
7716,100000,30000,First Owner,7,350,Royal Enfield
7717,68000,11100,First Owner,5,160,Honda
7718,110000,5655,First Owner,5,200,Bajaj
7719,23600,37500,First Owner,11,100,Hero
7720,26000,43000,First Owner,7,125,Bajaj
7721,52000,25000,First Owner,7,150,Honda
7722,95000,9000,First Owner,8,350,Royal Enfield
7723,70000,20775,First Owner,5,220,Bajaj
7724,50000,17000,First Owner,7,150,Honda
7725,15000,40000,First Owner,12,125,Honda
7726,80000,3000,First Owner,4,150,Suzuki
7727,76000,3450,First Owner,4,220,Bajaj
7728,58100,14000,First Owner,5,150,Bajaj
7729,20000,5792,First Owner,8,125,Hero
7730,75000,17475,First Owner,4,160,Honda
7731,48000,17746,First Owner,5,160,TVS
7732,85000,21977,First Owner,7,350,Royal Enfield
7733,350000,30000,First Owner,9,883,Harley-Davidson
7734,28000,31288,First Owner,8,110,Hero
7735,39000,1200,First Owner,7,160,TVS
7736,20000,49500,First Owner,10,110,TVS
7737,115000,18832,First Owner,5,350,Royal Enfield
7738,18000,38056,First Owner,10,100,TVS
7739,12800,54000,First Owner,14,150,Hero
7740,23000,46000,First Owner,24,100,Hero
7741,110000,4700,First Owner,6,250,Honda
7742,147000,11000,First Owner,5,350,Royal Enfield
7743,20000,27000,First Owner,9,110,Bajaj
7744,35000,32342,First Owner,9,220,Bajaj
7745,48500,8000,First Owner,5,135,Bajaj
7746,54000,32000,First Owner,7,220,Bajaj
7747,22600,78000,Second Owner,8,110,Hero
7748,67500,1276,First Owner,9,200,Bajaj
7749,17300,29000,First Owner,12,100,Bajaj
7750,35000,23000,First Owner,6,110,Hero
7751,33000,18000,First Owner,5,100,Hero
7752,52000,38943,First Owner,6,220,Bajaj
7753,32000,13500,First Owner,7,100,Hero
7754,149600,24000,First Owner,6,390,KTM
7755,130000,24000,First Owner,4,350,Royal Enfield
7756,46000,33000,First Owner,10,150,Yamaha
7757,100000,9000,First Owner,4,150,Yamaha
7758,25000,21250,First Owner,9,100,Hero
7759,14500,17999,Third Owner,15,100,Hero
7760,39000,22000,First Owner,4,100,Hero
7761,30000,6639,First Owner,9,180,TVS
7762,60000,20373,First Owner,6,220,Bajaj
7763,15600,84186,First Owner,16,125,Hero
7764,22000,60857,First Owner,13,150,Bajaj
7765,35000,40000,First Owner,12,220,Bajaj
7766,52000,24000,First Owner,7,150,Suzuki
7767,41000,10000,First Owner,5,110,Honda
7768,38000,53000,First Owner,9,150,Hero
7769,80000,10000,First Owner,7,220,Bajaj
7770,110000,33800,First Owner,6,350,Royal Enfield
7771,160000,25000,First Owner,6,500,Royal Enfield
7772,41500,59154,First Owner,5,100,Hero
7773,40000,27875,First Owner,12,200,Bajaj
7774,140000,22000,First Owner,5,350,Royal Enfield
7775,42000,10883,First Owner,5,100,Hero
7776,78000,6400,First Owner,4,180,TVS
7777,26000,23236,First Owner,12,100,Hero
7778,77000,19820,First Owner,6,220,Bajaj
7779,28000,66000,First Owner,11,150,Hero
7780,18000,40266,First Owner,11,125,Honda
7781,53000,15000,First Owner,7,220,Bajaj
7782,85000,14000,First Owner,8,350,Royal Enfield
7783,14200,55200,First Owner,16,150,Bajaj
7784,175000,2200,First Owner,4,500,Royal Enfield
7785,140000,19631,Second Owner,4,400,Bajaj
7786,80000,22271,First Owner,6,200,Bajaj
7787,65000,15000,First Owner,14,350,Royal Enfield
7788,45000,27000,First Owner,6,160,Honda
7789,18000,57000,First Owner,16,223,Hero
7790,10000,47000,First Owner,18,150,Bajaj
7791,120000,6500,First Owner,5,300,Mahindra
7792,60000,3500,First Owner,4,180,Bajaj
7793,23200,33000,First Owner,10,125,Honda
7794,38000,22840,First Owner,5,150,Bajaj
7795,21500,90000,First Owner,10,150,Bajaj
7796,55000,28000,First Owner,5,150,Bajaj
7797,65000,20314,First Owner,4,150,Bajaj
7798,12000,78500,Second Owner,16,125,Bajaj
7799,32000,33767,First Owner,4,110,TVS
7800,28000,46915,Second Owner,10,125,Honda
7801,50000,27918,First Owner,5,150,Bajaj
7802,45000,35497,First Owner,7,220,Bajaj
7803,160000,7500,Second Owner,4,300,Mahindra
7804,20000,67209,First Owner,11,100,Hero
7805,75000,23045,First Owner,9,350,Royal Enfield
7806,23000,20000,First Owner,6,100,Bajaj
7807,32000,22697,First Owner,7,125,Suzuki
7808,20000,52000,First Owner,10,150,Yamaha
7809,55005,6600,First Owner,5,220,Bajaj
7810,87000,16336,First Owner,7,350,Royal Enfield
7811,70000,13858,Second Owner,11,350,Royal Enfield
7812,35000,11885,First Owner,12,125,Suzuki
7813,196700,13216,First Owner,4,390,KTM
7814,25000,32588,First Owner,9,150,Bajaj
7815,123000,14500,First Owner,4,250,Yamaha
7816,95500,18000,First Owner,8,350,Royal Enfield
7818,41000,20245,Second Owner,11,220,Bajaj
7819,15000,35000,Second Owner,19,100,Hero
7820,41500,3000,First Owner,3,110,Bajaj
7821,115000,23560,First Owner,5,500,Royal Enfield
7822,16000,28350,First Owner,15,150,TVS
7823,60000,35000,First Owner,5,220,Bajaj
7824,45000,13300,First Owner,5,150,Bajaj
7825,107000,16505,First Owner,5,350,Royal Enfield
7826,89000,20099,First Owner,4,250,Yamaha
7827,98000,5900,First Owner,3,200,Hero
7828,17000,36111,First Owner,12,150,Yamaha
7829,36000,18000,First Owner,4,110,TVS
7830,50000,23080,First Owner,7,200,Bajaj
7831,130000,15000,First Owner,8,250,Honda
7832,115000,10350,First Owner,3,350,Royal Enfield
7833,35000,19134,First Owner,11,150,Yamaha
7834,20000,52000,First Owner,11,180,Bajaj
7835,40000,1501,First Owner,2,100,Bajaj
7836,22000,32579,First Owner,6,110,Honda
7837,155000,20449,First Owner,6,390,KTM
7838,38000,23700,First Owner,4,110,TVS
7839,22400,14000,First Owner,10,100,Hero
7840,23000,58000,First Owner,9,150,Bajaj
7841,22000,32000,First Owner,13,150,Yamaha
7842,45000,39889,First Owner,7,150,Suzuki
7843,35000,25398,First Owner,7,125,Bajaj
7844,45000,19827,First Owner,3,110,Bajaj
7845,51000,30000,First Owner,8,220,Bajaj
7846,22000,53085,First Owner,9,100,Bajaj
7847,90000,44777,First Owner,6,350,Royal Enfield
7848,130000,8000,First Owner,4,350,Royal Enfield
7849,70000,12600,First Owner,7,180,TVS
7850,75000,16000,First Owner,4,150,Yamaha
7851,120000,23719,First Owner,5,350,Royal Enfield
7852,750000,7500,First Owner,5,800,Kawasaki
7853,60000,31769,First Owner,5,150,Bajaj
7854,120000,26709,First Owner,6,390,KTM
7855,26000,20000,First Owner,13,150,Bajaj
7856,134100,1700,First Owner,4,350,Royal Enfield
7857,85999,16589,First Owner,8,350,Royal Enfield
7858,70000,65000,First Owner,10,500,Royal Enfield
7859,90000,5770,First Owner,5,350,Royal Enfield
7860,65000,14101,Third Owner,34,350,Royal Enfield
7861,110000,14418,First Owner,4,500,Royal Enfield
7862,92000,26900,First Owner,7,350,Royal Enfield
7863,15995,88808,First Owner,17,100,Hero
7864,40000,45139,First Owner,9,150,Yamaha
7865,30000,15982,First Owner,8,125,Hero
7866,52000,12486,First Owner,5,150,Bajaj
7867,75500,24500,First Owner,3,220,Bajaj
7868,42000,6843,First Owner,4,100,Hero
7869,30009,39022,First Owner,11,150,Suzuki
7870,16000,92666,First Owner,14,100,Bajaj
7871,57500,71000,First Owner,9,223,Hero
7872,29600,105000,First Owner,15,125,Bajaj
7873,126508,22191,First Owner,5,500,Royal Enfield
7874,29000,54262,Second Owner,12,220,Bajaj
7875,132000,6000,First Owner,5,350,Royal Enfield
7876,56000,8089,First Owner,5,150,Bajaj
7877,26675,30032,First Owner,8,125,Bajaj
7878,136000,13333,First Owner,3,350,Royal Enfield
7879,65000,15200,First Owner,6,220,Bajaj
7880,40000,5995,First Owner,5,125,Bajaj
7881,22600,25000,First Owner,11,100,Hero
7882,84000,200,First Owner,4,150,Suzuki
7883,38500,34000,First Owner,7,150,Bajaj
7884,29900,41048,First Owner,10,150,Yamaha
7885,150000,5200,First Owner,6,500,Royal Enfield
7886,70000,15000,First Owner,5,150,Suzuki
7887,51300,27015,First Owner,7,150,Honda
7888,60000,21000,First Owner,7,220,Bajaj
7889,80000,17000,First Owner,6,220,Bajaj
7890,28000,33000,First Owner,12,125,Honda
7891,124600,19000,First Owner,7,500,Royal Enfield
7892,117000,24000,First Owner,8,350,Royal Enfield
7893,70000,8000,First Owner,6,160,Honda
7894,20500,69200,First Owner,12,125,Honda
7895,25000,24010,First Owner,12,100,Hero
7896,35000,26000,First Owner,8,125,Hero
7897,125000,13000,First Owner,7,350,Royal Enfield
7898,25000,10500,First Owner,9,125,Yamaha
7899,54400,27000,First Owner,6,220,Bajaj
7900,75000,3650,First Owner,5,220,Bajaj
7901,70000,10000,First Owner,4,150,Bajaj
7902,99000,18000,Second Owner,7,350,Royal Enfield
7903,112000,12200,First Owner,7,350,Royal Enfield
7904,21000,35698,First Owner,11,100,Hero
7905,180900,11466,First Owner,4,200,KTM
7906,550000,3500,Second Owner,4,650,Kawasaki
7907,70000,15500,First Owner,5,220,Bajaj
7908,71800,22650,Second Owner,6,150,Honda
7909,90000,7500,First Owner,3,220,Bajaj
7910,37800,15000,First Owner,5,125,Bajaj
7911,31621,19000,First Owner,6,100,Hero
7912,89720,33885,First Owner,8,350,Royal Enfield
7913,60000,12609,First Owner,5,160,Honda
7914,65000,11811,First Owner,9,350,Royal Enfield
7915,120000,33647,First Owner,4,400,Bajaj
7916,48000,14290,First Owner,5,150,Bajaj
7917,72000,30000,Second Owner,8,350,Royal Enfield
7918,30000,45322,First Owner,7,150,Bajaj
7919,55000,10440,First Owner,5,150,Bajaj
7920,16979,17299,First Owner,12,223,Hero
7921,30000,57298,First Owner,10,150,Honda
7922,36000,10000,Second Owner,8,220,Bajaj
7923,135000,9800,First Owner,6,390,KTM
7924,55400,39000,First Owner,9,150,Honda
7925,30000,38000,Second Owner,9,150,Yamaha
7926,50000,46527,First Owner,8,220,Bajaj
7927,25000,73625,First Owner,8,125,Honda
7928,29000,26000,Second Owner,9,150,Bajaj
7929,26000,42000,First Owner,7,110,Hero
7930,82000,6000,First Owner,5,200,Bajaj
7931,150000,10000,First Owner,6,500,Royal Enfield
7932,42000,2600,First Owner,8,220,Bajaj
7933,60000,15000,First Owner,6,150,Suzuki
7934,58000,40000,First Owner,7,150,Yamaha
7935,75000,13500,First Owner,4,200,TVS
7936,121900,10500,First Owner,5,200,KTM
7937,149100,1450,First Owner,5,500,Royal Enfield
7938,80000,9300,First Owner,5,150,Suzuki
7939,42200,3325,Second Owner,5,150,Bajaj
7940,65000,7000,First Owner,4,150,Bajaj
7941,22800,20750,First Owner,7,100,TVS
7942,100000,6742,First Owner,7,350,Royal Enfield
7943,60311,26800,First Owner,5,150,Bajaj
7944,20500,51320,First Owner,9,100,Hero
7945,30000,55297,First Owner,11,150,Bajaj
7946,18000,25000,First Owner,12,125,Hero
7947,75000,12511,First Owner,5,200,Bajaj
7948,22000,5639,First Owner,15,100,Hero
7949,55000,15581,First Owner,3,150,Bajaj
7950,130000,33125,First Owner,4,500,Royal Enfield
7951,87000,19549,First Owner,7,350,Royal Enfield
7952,55000,9643,First Owner,3,100,Hero
7953,650000,10963,First Owner,5,883,Harley-Davidson
7954,64466,42386,First Owner,6,150,Yamaha
7955,24000,25804,First Owner,8,125,Bajaj
7956,45000,17000,First Owner,4,150,Bajaj
7957,47000,22226,First Owner,4,125,Hero
7958,75700,12530,First Owner,6,150,Yamaha
7959,42000,18000,First Owner,8,150,Yamaha
7960,110000,6859,First Owner,3,200,KTM
7961,69000,38069,First Owner,8,350,Royal Enfield
7962,45000,24500,Second Owner,8,220,Bajaj
7963,26900,36000,First Owner,7,125,Hero
7964,125000,1230,First Owner,3,200,Bajaj
7965,68000,14000,First Owner,8,150,Yamaha
7966,140000,5500,First Owner,5,410,Royal Enfield
7967,19000,42000,Second Owner,10,150,Yamaha
7968,92000,7000,First Owner,4,220,Bajaj
7969,62000,9400,First Owner,6,150,Bajaj
7970,85000,16904,First Owner,7,350,Royal Enfield
7971,111000,17169,First Owner,4,400,Bajaj
7972,72000,8000,First Owner,4,160,Bajaj
7973,24100,20000,First Owner,7,110,Honda
7974,114000,38000,First Owner,7,350,Royal Enfield
7975,45000,1363,First Owner,3,110,TVS
7976,60000,14200,First Owner,7,200,Bajaj
7977,190000,4288,First Owner,3,310,TVS
7978,110000,9000,First Owner,12,500,Royal Enfield
7979,34000,15440,First Owner,5,150,Bajaj
7980,130000,27044,First Owner,6,500,Royal Enfield
7981,30000,50028,First Owner,11,180,Bajaj
7982,45500,12000,Second Owner,5,150,Suzuki
7983,28000,55141,First Owner,10,223,Hero
7984,90000,9000,First Owner,5,350,Royal Enfield
7985,60000,10121,First Owner,6,150,Suzuki
7986,190104,9500,First Owner,4,390,KTM
7987,25000,21466,First Owner,10,135,Bajaj
7988,25000,54000,Second Owner,12,150,Yamaha
7989,110000,20764,First Owner,4,350,Royal Enfield
7990,25000,62593,Second Owner,9,125,Honda
7991,35000,55250,First Owner,6,200,Bajaj
7992,84000,8527,First Owner,4,200,TVS
7993,75000,24000,First Owner,9,150,Yamaha
7994,74400,3000,First Owner,3,150,Bajaj
7995,55000,15000,First Owner,6,220,Bajaj
7996,45500,9000,First Owner,4,100,Bajaj
7997,478000,1300,First Owner,5,750,Harley-Davidson
7998,52000,25600,First Owner,6,160,Honda
7999,35000,13000,First Owner,7,125,Honda
8000,115000,26000,First Owner,7,350,Royal Enfield
8001,170000,5500,First Owner,3,300,Mahindra
8002,100300,11824,First Owner,6,350,Royal Enfield
8003,12000,82000,Second Owner,17,150,Bajaj
8004,65000,9300,First Owner,4,150,Bajaj
8005,130000,15000,Second Owner,5,390,KTM
8006,30000,18168,First Owner,7,100,Hero
8007,145000,8600,First Owner,6,390,KTM
8008,107000,15000,First Owner,7,350,Royal Enfield
8009,68700,29000,First Owner,10,350,Royal Enfield
8010,55000,23000,First Owner,6,150,Honda
8011,47000,7000,First Owner,4,125,Yamaha
8012,75000,30000,First Owner,9,350,Royal Enfield
8013,65000,20100,First Owner,6,220,Bajaj
8014,53000,9319,First Owner,4,150,Bajaj
8015,103000,9450,First Owner,8,500,Royal Enfield
8016,47100,33000,First Owner,8,150,Honda
8017,25500,25866,First Owner,9,180,Bajaj
8018,125000,10409,First Owner,4,500,Royal Enfield
8019,32000,18818,First Owner,11,150,Yamaha
8020,155000,6153,First Owner,5,350,Royal Enfield
8021,150000,11535,First Owner,3,400,Bajaj
8022,45000,52000,First Owner,6,220,Bajaj
8023,30000,37125,First Owner,8,135,Bajaj
8024,70000,14424,First Owner,4,200,TVS
8025,70000,21543,First Owner,3,150,Suzuki
8026,70000,5768,First Owner,5,220,Bajaj
8027,60000,15000,Second Owner,9,200,Bajaj
8028,30000,33000,First Owner,10,100,Hero
8030,40000,45000,First Owner,8,220,Bajaj
8031,145000,24000,Second Owner,6,390,KTM
8032,26900,91000,First Owner,10,220,Bajaj
8033,120000,13208,First Owner,10,500,Royal Enfield
8034,17000,53399,Second Owner,13,200,Bajaj
8035,82000,4524,First Owner,3,160,TVS
8036,72000,14405,First Owner,6,200,Bajaj
8037,30000,24021,First Owner,5,125,Honda
8038,23000,40000,Third Owner,16,100,Hero
8039,40000,55687,First Owner,8,150,Hero
8041,115000,16476,First Owner,5,350,Royal Enfield
8042,25000,48246,Second Owner,7,110,Hero
8043,65000,20000,First Owner,5,220,Bajaj
8044,65000,34833,First Owner,4,160,Honda
8045,54799,27488,First Owner,8,150,Honda
8046,72000,9125,First Owner,6,150,Yamaha
8047,48000,18533,First Owner,5,180,TVS
8048,20000,10495,First Owner,11,135,Bajaj
8049,35000,8209,First Owner,9,150,Yamaha
8050,44000,71124,First Owner,8,200,Bajaj
8052,42000,1700,First Owner,3,100,Bajaj
8053,95000,10729,First Owner,3,160,Honda
8054,52000,40272,First Owner,4,150,Suzuki
8055,33000,21664,First Owner,6,100,Hero
8056,37000,16664,First Owner,4,100,Hero
8057,42000,14311,First Owner,5,150,Bajaj
8058,75000,14396,First Owner,7,350,Royal Enfield
8059,14000,38987,First Owner,15,100,Hero
8060,30500,30312,Second Owner,15,180,Bajaj
8061,35000,17079,First Owner,8,100,Hero
8062,49900,13813,First Owner,4,150,Hero
8063,25000,65901,First Owner,10,100,Hero
8064,40000,27090,Second Owner,8,220,Bajaj
8065,17000,54519,First Owner,10,100,Bajaj
8066,75000,17243,Second Owner,4,250,Yamaha
8067,128000,8500,First Owner,5,350,Royal Enfield
8068,15000,10750,First Owner,15,100,Bajaj
8069,145000,14000,First Owner,4,500,Royal Enfield
8070,47000,19151,First Owner,4,100,Hero
8071,20000,71970,First Owner,13,150,Bajaj
8072,35000,31733,First Owner,8,220,Bajaj
8073,65800,31000,First Owner,11,350,Royal Enfield
8074,65000,12061,First Owner,4,180,TVS
8075,86000,4700,First Owner,4,160,Honda
8076,93000,500,First Owner,4,220,Bajaj
8077,16000,29333,First Owner,8,100,Bajaj
8078,95000,7875,First Owner,6,350,Royal Enfield
8079,90000,16589,First Owner,8,350,Royal Enfield
8080,50000,22426,First Owner,7,223,Hero
8081,25000,49871,Second Owner,8,125,Bajaj
8082,40000,27500,First Owner,12,220,Bajaj
8083,165000,23000,First Owner,5,250,Benelli
8084,93000,13453,First Owner,3,200,TVS
8085,122500,25000,First Owner,6,390,KTM
8086,14000,64270,Second Owner,17,100,Bajaj
8087,19000,36000,First Owner,10,100,TVS
8088,175000,16051,First Owner,6,250,Hyosung
8089,103000,7000,First Owner,5,150,Yamaha
8090,48000,42000,First Owner,5,150,Bajaj
8091,17000,45000,First Owner,11,135,Bajaj
8092,30000,43333,First Owner,10,150,Honda
8093,30000,87370,First Owner,10,150,Honda
8094,17000,59000,First Owner,15,100,Hero
8095,42000,15000,First Owner,5,135,Bajaj
8096,135000,9500,First Owner,6,200,KTM
8097,45000,35000,First Owner,8,220,Bajaj
8098,50000,6000,First Owner,8,200,Bajaj
8099,102000,2600,First Owner,5,150,Yamaha
8100,100000,22600,First Owner,8,350,Royal Enfield
8101,92000,11060,First Owner,4,250,Yamaha
8102,46000,26419,First Owner,4,150,Hero
8103,23132,38752,First Owner,9,100,Bajaj
8104,21000,40824,First Owner,7,110,Mahindra
8105,28499,23500,First Owner,8,125,Honda
8106,380000,15027,Second Owner,7,750,Harley-Davidson
8107,97000,78,First Owner,2,160,Bajaj
8108,30000,34205,First Owner,9,150,Yamaha
8109,80000,6500,First Owner,4,160,Bajaj
8110,17000,35000,Third Owner,11,100,Hero
8111,19200,25000,Second Owner,10,125,Honda
8112,105000,11000,First Owner,7,535,Royal Enfield
8113,33000,22,First Owner,4,100,Bajaj
8114,125000,11451,First Owner,6,350,Royal Enfield
8115,20000,65000,First Owner,11,150,Hero
8116,46000,5214,First Owner,3,125,Bajaj
8117,62600,25000,Second Owner,10,350,Royal Enfield
8118,21000,46000,First Owner,7,100,Bajaj
8119,55000,15000,First Owner,5,223,Hero
8120,21000,45244,First Owner,9,150,Bajaj
8121,55000,30000,First Owner,6,150,Bajaj
8122,42500,8628,First Owner,4,100,Hero
8123,37000,32000,First Owner,8,150,Yamaha
8124,25000,46956,First Owner,7,110,Mahindra
8125,35000,7578,First Owner,9,160,TVS
8126,22000,30664,First Owner,9,150,Suzuki
8127,200000,19659,First Owner,3,310,TVS
8128,28000,54400,First Owner,10,125,Honda
8129,23000,54548,First Owner,8,125,Bajaj
8130,10000,28900,Second Owner,18,100,Hero
8131,14227,36000,First Owner,15,150,Bajaj
8132,34600,21500,First Owner,5,110,Honda
8133,39600,9000,First Owner,3,100,Bajaj
8134,21700,12350,First Owner,8,110,Honda
8135,34000,53817,First Owner,9,180,TVS
8136,28000,2347,First Owner,6,100,Bajaj
8137,112000,10000,First Owner,6,350,Royal Enfield
8138,25000,29956,First Owner,7,125,Honda
8139,169000,4411,First Owner,2,350,Royal Enfield
8140,45600,23128,First Owner,7,150,Honda
8141,35000,50861,First Owner,9,125,Bajaj
8142,45000,17160,Second Owner,6,220,Bajaj
8143,60000,15733,First Owner,4,100,Hero
8144,154400,8500,First Owner,3,350,Royal Enfield
8145,70000,17408,First Owner,6,220,Bajaj
8146,75000,11921,First Owner,3,150,Hero
8147,40000,59445,First Owner,7,150,Hero
8148,101000,18894,First Owner,5,350,Royal Enfield
8149,75000,29094,First Owner,9,350,Royal Enfield
8150,60000,5559,First Owner,3,125,Honda
8151,110000,13975,Second Owner,6,350,Royal Enfield
8152,150000,76467,First Owner,9,350,Royal Enfield
8153,85000,49000,First Owner,13,350,Royal Enfield
8154,41000,9624,First Owner,3,110,Suzuki
8155,45000,12551,First Owner,9,150,Yamaha
8156,100000,98056,First Owner,7,500,Royal Enfield
8157,85000,45000,First Owner,8,350,Royal Enfield
8158,50000,20040,First Owner,5,220,Bajaj
8159,445600,8000,First Owner,5,750,Harley-Davidson
8160,36500,19000,First Owner,5,100,Hero
8161,20000,35000,Third Owner,12,135,Bajaj
8162,32000,40000,Second Owner,11,150,Bajaj
8163,56000,4411,First Owner,3,100,Hero
8164,240000,4000,First Owner,5,390,KTM
8165,155000,15500,First Owner,5,390,KTM
8166,45000,24950,First Owner,9,160,TVS
8167,35000,23000,First Owner,8,150,Bajaj
8168,55000,14500,First Owner,6,150,Bajaj
8169,45000,22500,First Owner,7,150,Yamaha
8170,45000,38724,First Owner,7,150,Yamaha
8171,27500,15435,First Owner,8,100,Hero
8172,109600,31500,First Owner,5,350,Royal Enfield
8173,22000,24000,First Owner,9,125,Bajaj
8174,200000,4000,First Owner,5,390,KTM
8175,65000,28000,Second Owner,15,350,Royal Enfield
8176,51000,15500,Second Owner,3,125,Hero
8177,13000,35583,First Owner,15,125,Bajaj
8178,133500,17000,First Owner,3,250,Yamaha
8179,10951,1638,First Owner,16,100,Bajaj
8180,25000,16000,First Owner,12,150,Yamaha
8181,19000,60064,First Owner,10,150,Bajaj
8182,19000,17204,First Owner,11,135,Bajaj
8183,54000,250841,First Owner,11,350,Royal Enfield
8184,65000,60000,First Owner,7,150,Honda
8185,35000,40000,First Owner,13,160,TVS
8186,25000,50000,First Owner,9,150,Yamaha
8187,21600,25000,First Owner,9,125,Suzuki
8188,70000,21582,First Owner,3,150,Bajaj
8189,125000,3679,First Owner,4,350,Royal Enfield
8190,85000,15000,Third Owner,7,350,Royal Enfield
8192,145000,12400,First Owner,2,350,Royal Enfield
8193,18000,40429,First Owner,10,125,Honda
8194,25000,20293,First Owner,8,100,Hero
8195,175000,10951,First Owner,6,500,Royal Enfield
8196,110000,800,First Owner,3,250,Yamaha
8197,860000,12000,Second Owner,5,200,KTM
8198,19000,32500,First Owner,12,100,Hero
8199,113300,21537,First Owner,5,350,Royal Enfield
8200,18000,18695,First Owner,10,150,Yamaha
8201,95000,21000,First Owner,8,350,Royal Enfield
8202,101000,17278,First Owner,6,350,Royal Enfield
8203,125000,11734,First Owner,3,200,Bajaj
8204,85000,2648,First Owner,2,150,Yamaha
8205,231000,4168,First Owner,6,650,Hyosung
8206,126000,20000,First Owner,4,400,Bajaj
8207,170000,12400,First Owner,4,200,KTM
8208,90000,52594,First Owner,3,200,TVS
8209,25000,85000,First Owner,14,150,Hero
8210,115000,6096,First Owner,5,500,Royal Enfield
8211,20000,43000,First Owner,12,150,Honda
8212,171000,3700,First Owner,4,500,Royal Enfield
8213,110000,8855,First Owner,3,350,Royal Enfield
8214,80000,17000,First Owner,3,200,Bajaj
8215,269000,2204,First Owner,4,250,Kawasaki
8216,85000,58093,Second Owner,6,390,KTM
8217,105000,10581,First Owner,4,350,Royal Enfield
8218,42000,15000,First Owner,5,160,TVS
8219,21000,43000,First Owner,9,125,Hero
8220,56000,11600,First Owner,4,150,Bajaj
8221,125000,10059,First Owner,5,350,Royal Enfield
8222,111088,17000,First Owner,4,200,Bajaj
8223,49800,27083,First Owner,7,150,Honda
8224,55000,67445,First Owner,10,150,Yamaha
8225,22000,5610,First Owner,10,150,Hero
8226,48000,27000,First Owner,5,150,Bajaj
8227,145000,7481,First Owner,5,500,Royal Enfield
8228,68000,26000,First Owner,3,180,Bajaj
8229,195000,1768,First Owner,3,500,Royal Enfield
8230,10000,29238,First Owner,16,110,TVS
8231,14200,37000,First Owner,13,100,Hero
8232,85000,18474,First Owner,6,200,Bajaj
8233,95000,24000,First Owner,10,250,Honda
8234,16000,79000,First Owner,12,125,Bajaj
8235,215000,8700,First Owner,6,250,Hyosung
8236,70000,18302,Second Owner,4,220,Bajaj
8237,40000,25392,First Owner,4,100,Hero
8238,84700,27845,First Owner,6,200,Bajaj
8239,30000,27598,First Owner,8,110,Honda
8240,51500,4734,First Owner,6,220,Bajaj
8241,98000,1700,First Owner,3,200,Bajaj
8242,42000,30090,First Owner,11,150,Yamaha
8243,218000,10016,First Owner,6,250,Hyosung
8244,52000,42786,First Owner,7,200,Bajaj
8245,67800,11000,First Owner,5,200,Bajaj
8246,108400,3545,First Owner,8,500,Royal Enfield
8247,98000,9550,First Owner,7,350,Royal Enfield
8248,77777,11000,First Owner,5,220,Bajaj
8249,45000,45000,First Owner,10,220,Bajaj
8250,32000,44667,First Owner,8,125,Bajaj
8251,54000,100,First Owner,3,110,TVS
8252,215000,3900,First Owner,4,390,KTM
8253,33000,34588,First Owner,8,150,Honda
8254,102000,2000,First Owner,5,150,Yamaha
8255,40000,14500,Second Owner,8,150,Yamaha
8256,48000,65000,First Owner,9,220,Bajaj
8257,100000,25351,First Owner,7,500,Royal Enfield
8258,119000,21000,First Owner,5,350,Royal Enfield
8259,25500,42500,First Owner,9,150,Bajaj
8260,160000,3144,First Owner,3,400,Bajaj
8261,231000,8794,First Owner,3,390,KTM
8262,173400,10060,First Owner,4,250,Honda
8263,55000,16956,First Owner,7,180,TVS
8264,90000,2307,First Owner,3,200,Hero
8265,40000,39988,First Owner,6,150,Suzuki
8266,65000,7420,First Owner,6,150,Suzuki
8267,160000,4118,First Owner,6,500,Royal Enfield
8268,35000,30000,First Owner,11,220,Bajaj
8269,38000,26000,First Owner,6,100,Hero
8270,99000,16000,Second Owner,7,350,Royal Enfield
8271,92000,2947,First Owner,3,150,Suzuki
8272,22000,35300,Second Owner,10,125,Honda
8273,10800,47970,First Owner,16,150,Bajaj
8274,150000,5377,First Owner,3,500,Royal Enfield
8275,40000,93566,First Owner,6,150,Bajaj
8276,98000,29119,First Owner,7,350,Royal Enfield
8277,60000,40000,Second Owner,17,350,Royal Enfield
8278,16900,48000,First Owner,17,100,Hero
8279,105000,9300,First Owner,5,150,Yamaha
8280,121000,5300,Second Owner,6,535,Royal Enfield
8281,118000,3009,First Owner,6,350,Royal Enfield
8282,211300,15000,First Owner,7,250,Hyosung
8283,119600,28000,First Owner,5,350,Royal Enfield
8284,69100,17000,First Owner,5,223,Hero
8285,37000,29857,First Owner,5,150,Bajaj
8286,42500,12068,First Owner,3,100,Hero
8287,60000,8714,First Owner,4,150,Bajaj
8288,45000,33052,First Owner,10,220,Bajaj
8289,22000,25000,First Owner,8,125,Bajaj
8290,65000,31100,First Owner,5,180,TVS
8291,20000,47830,First Owner,13,100,Hero
8292,18000,75000,First Owner,14,223,Hero
8293,40000,41657,First Owner,8,160,TVS
8294,90500,23602,Second Owner,7,250,Honda
8295,75000,7200,First Owner,5,160,Honda
8296,75000,10300,First Owner,4,160,Honda
8297,17000,25000,First Owner,10,150,Bajaj
8298,86900,3000,First Owner,6,150,Yamaha
8299,25000,86000,First Owner,7,125,Hero
8300,50000,16833,First Owner,5,150,Bajaj
8301,80000,28764,First Owner,6,150,Honda
8302,120000,2172,First Owner,3,350,Royal Enfield
8303,105786,15000,First Owner,5,200,KTM
8304,186300,18000,First Owner,4,200,KTM
8305,52000,19000,First Owner,8,200,Bajaj
8306,45000,28750,First Owner,4,125,Bajaj
8307,26000,78800,First Owner,15,100,Hero
8308,35000,12185,First Owner,7,150,Hero
8309,46000,36000,First Owner,10,150,Honda
8310,19000,38000,First Owner,16,100,Hero
8311,48915,22000,First Owner,8,150,Honda
8312,23000,11700,First Owner,16,223,Hero
8313,95000,11400,First Owner,6,200,Bajaj
8314,100000,6578,First Owner,6,200,KTM
8315,97900,17500,First Owner,6,200,Bajaj
8316,160000,1320,First Owner,4,400,Bajaj
8317,26000,21825,First Owner,10,150,Bajaj
8318,90000,9355,First Owner,7,350,Royal Enfield
8319,420000,5670,First Owner,5,650,Kawasaki
8320,90000,26000,Second Owner,31,350,Royal Enfield
8321,45400,21000,First Owner,4,135,Bajaj
8322,75000,17617,First Owner,4,200,TVS
8323,40000,23156,First Owner,5,150,Bajaj
8324,80000,11982,First Owner,4,200,TVS
8325,91000,7456,First Owner,4,150,Yamaha
8326,26000,36631,Second Owner,9,150,Bajaj
8327,38000,31927,Second Owner,9,220,Bajaj
8328,75000,27000,Second Owner,7,350,Royal Enfield
8329,65000,18494,First Owner,4,150,Honda
8330,110000,18120,First Owner,5,350,Royal Enfield
8331,21000,46093,First Owner,9,100,Bajaj
8332,55000,5000,First Owner,8,220,Bajaj
8333,195000,850,First Owner,2,200,KTM
8334,100000,17540,First Owner,4,200,Bajaj
8335,72000,3162,First Owner,2,150,Bajaj
8336,130000,29000,First Owner,6,200,KTM
8337,52000,21200,First Owner,10,150,Yamaha
8338,28000,27893,Third Owner,8,223,Hero
8339,32000,41972,First Owner,10,125,Bajaj
8340,35000,39468,First Owner,9,135,Bajaj
8341,65000,18070,First Owner,4,180,TVS
8342,76000,16025,Second Owner,9,250,Honda
8343,107100,37000,First Owner,6,350,Royal Enfield
8344,135000,25000,First Owner,5,200,KTM
8345,113000,286055,First Owner,5,350,Royal Enfield
8346,21000,40700,First Owner,6,110,TVS
8347,22000,18000,First Owner,11,100,Hero
8348,48900,16500,First Owner,6,150,Bajaj
8349,35000,74183,First Owner,9,220,Bajaj
8350,94000,6069,First Owner,3,200,Hero
8351,199000,3635,First Owner,4,390,KTM
8352,15000,69619,First Owner,13,100,Bajaj
8353,100000,14500,First Owner,5,350,Royal Enfield
8354,50000,12859,First Owner,6,150,Bajaj
8355,35000,10234,First Owner,4,100,Hero
8356,115000,4615,First Owner,3,200,Bajaj
8357,30000,22167,First Owner,10,110,Honda
8358,120000,11446,First Owner,5,200,KTM
8359,45000,32893,First Owner,6,150,Suzuki
8360,24000,51503,First Owner,8,180,Bajaj
8361,588200,3450,First Owner,3,750,Harley-Davidson
8362,140000,35000,First Owner,5,300,Mahindra
8363,37000,18695,First Owner,5,150,Bajaj
8364,92000,24707,First Owner,6,350,Royal Enfield
8365,110000,194992,First Owner,11,500,Royal Enfield
8366,195000,1401,First Owner,3,500,Royal Enfield
8367,90000,9902,First Owner,7,350,Royal Enfield
8368,35000,35000,First Owner,8,150,Honda
8369,700000,10334,First Owner,5,883,Harley-Davidson
8370,256000,5823,First Owner,4,250,Hyosung
8371,73000,12464,First Owner,4,160,Honda
8372,80000,15500,First Owner,3,220,Bajaj
8373,220000,1884,First Owner,5,250,Hyosung
8374,116600,50000,First Owner,7,500,Royal Enfield
8375,60000,16971,First Owner,5,220,Bajaj
8376,120601,19631,Second Owner,4,400,Bajaj
8377,70000,7500,First Owner,5,150,Suzuki
8378,131000,14379,First Owner,3,150,Yamaha
8379,58000,21853,First Owner,7,150,Yamaha
8380,15000,35000,First Owner,13,100,Hero
8381,70000,12679,First Owner,3,150,Suzuki
8382,13000,24780,First Owner,14,150,Bajaj
8383,33000,20210,First Owner,8,110,TVS
8384,110000,6000,First Owner,3,200,TVS
8385,46000,16298,First Owner,4,100,Hero
8386,55000,18496,First Owner,5,220,Bajaj
8387,75000,30687,First Owner,14,350,Royal Enfield
8388,70000,6740,First Owner,4,150,Suzuki
8389,36000,574,First Owner,8,220,Bajaj
8390,75000,17924,Second Owner,11,500,Royal Enfield
8391,90000,10000,First Owner,7,223,Hero
8392,28000,23452,First Owner,11,150,Yamaha
8393,24500,58699,First Owner,8,135,Bajaj
8394,20000,20000,First Owner,11,135,Bajaj
8395,12000,45000,First Owner,15,150,TVS
8396,150000,17000,Third Owner,4,500,Royal Enfield
8397,45000,18742,First Owner,6,150,Yamaha
8398,43000,42837,First Owner,8,150,Honda
8399,55000,27000,First Owner,9,150,Yamaha
8400,11900,34968,First Owner,14,150,Hero
8401,1100000,6000,First Owner,7,1000,Kawasaki
8402,22000,30000,Second Owner,4,100,Bajaj
8403,45000,32035,First Owner,10,150,Yamaha
8404,119999,28916,First Owner,5,350,Royal Enfield
8405,99735,20946,First Owner,4,200,Bajaj
8406,76000,11424,First Owner,5,150,Yamaha
8407,23000,57682,First Owner,8,125,Honda
8408,59000,7345,First Owner,4,160,Honda
8409,120000,3626,First Owner,4,350,Royal Enfield
8410,70000,19500,First Owner,5,180,TVS
8411,140000,10800,First Owner,6,390,KTM
8412,23000,27594,First Owner,9,125,Honda
8413,45000,31116,First Owner,8,125,Hero
8414,12500,70403,Third Owner,15,100,Hero
8415,55000,29500,First Owner,6,150,Yamaha
8416,55000,4900,First Owner,7,220,Bajaj
8417,115000,23000,Second Owner,5,390,KTM
8418,105000,9240,First Owner,7,350,Royal Enfield
8419,20000,37501,First Owner,9,100,Hero
8420,50001,9150,First Owner,9,220,Bajaj
8421,35000,23000,First Owner,7,100,Hero
8422,145000,10300,First Owner,4,350,Royal Enfield
8423,42900,5000,First Owner,3,100,TVS
8424,25000,26000,First Owner,9,100,Hero
8425,13000,37887,First Owner,13,125,Honda
8426,95000,26000,First Owner,6,200,Bajaj
8427,42000,16500,First Owner,6,100,Hero
8428,23000,39000,First Owner,11,125,Bajaj
8429,65000,23000,First Owner,5,150,Bajaj
8432,84300,9900,First Owner,4,200,Bajaj
8433,92000,16499,First Owner,4,350,Royal Enfield
8434,85000,38000,First Owner,9,350,Royal Enfield
8435,30000,47293,First Owner,5,125,Honda
8436,105000,20000,First Owner,4,350,Royal Enfield
8437,18000,3869,First Owner,16,100,Hero
8438,260000,11000,First Owner,4,300,Benelli
8439,61000,16000,First Owner,3,160,Honda
8440,70000,13500,First Owner,4,200,Bajaj
8441,20000,150000,First Owner,16,100,Hero
8442,56000,6876,First Owner,6,150,Suzuki
8443,30000,49000,Second Owner,8,125,Honda
8444,20500,51630,Third Owner,11,135,Bajaj
8445,211000,5806,First Owner,6,250,Hyosung
8446,406600,10196,First Owner,5,750,Harley-Davidson
8447,45000,26200,Second Owner,8,150,Yamaha
8448,75500,12400,First Owner,3,160,Honda
8449,58000,18127,First Owner,10,150,Yamaha
8450,25000,46583,First Owner,12,150,Honda
8451,80000,18474,First Owner,6,200,Bajaj
8452,93000,20436,First Owner,6,350,Royal Enfield
8453,90000,14060,First Owner,4,150,Yamaha
8454,780000,13000,First Owner,4,1200,Harley-Davidson
8455,125000,5264,First Owner,7,500,Royal Enfield
8456,20000,16000,First Owner,11,100,Bajaj
8457,124000,6154,First Owner,4,350,Royal Enfield
8458,15000,34000,First Owner,20,100,Hero
8459,22000,13000,First Owner,10,135,Bajaj
8460,17000,20102,First Owner,16,100,Hero
8461,160000,8000,First Owner,5,500,Royal Enfield
8462,22000,25000,First Owner,12,135,Bajaj
8463,90000,32000,First Owner,8,350,Royal Enfield
8464,20000,18000,First Owner,9,150,Hero
8465,25000,42777,First Owner,6,100,Hero
8466,50000,7289,First Owner,3,110,Honda
8467,44000,10455,First Owner,5,150,Bajaj
8468,28000,69189,First Owner,10,180,Bajaj
8469,23000,9145,First Owner,18,100,Hero
8470,25000,65000,First Owner,12,150,Yamaha
8471,18000,22824,First Owner,8,100,Hero
8472,70000,8000,First Owner,5,220,Bajaj
8473,87000,140,First Owner,3,160,Honda
8474,10000,64955,First Owner,15,150,Bajaj
8475,45000,45710,First Owner,16,350,Royal Enfield
8476,26000,61041,First Owner,10,180,TVS
8477,175000,6344,First Owner,3,200,KTM
8478,120000,8827,First Owner,5,500,Royal Enfield
8479,12000,45000,First Owner,13,100,Hero
8480,125000,19500,First Owner,5,500,Royal Enfield
8481,27500,40000,First Owner,5,100,Hero
8482,140000,12739,First Owner,3,350,Royal Enfield
8483,30000,43984,First Owner,10,150,Hero
8484,36000,13532,First Owner,9,150,Honda
8485,55000,40870,First Owner,4,150,Honda
8487,98102,10923,First Owner,3,150,Suzuki
8488,38000,20765,First Owner,9,200,Bajaj
8502,220000,2402,Second Owner,3,310,TVS
8504,180000,13000,First Owner,6,250,Kawasaki
8505,360000,63000,First Owner,9,883,Harley-Davidson
8506,110000,29639,First Owner,5,350,Royal Enfield
8507,135000,23688,First Owner,3,350,Royal Enfield
8508,75000,51319,First Owner,18,350,Royal Enfield
8509,132000,579,First Owner,2,150,Yamaha
8510,330000,4241,First Owner,3,310,BMW
8511,40085,9500,First Owner,5,150,Bajaj
8512,32713,43500,First Owner,12,223,Hero
8513,550000,4764,First Owner,5,883,Harley-Davidson
8514,74000,3000,First Owner,3,220,Bajaj
8515,31160,12200,First Owner,4,110,TVS
8516,100000,10136,First Owner,6,350,Royal Enfield
8517,16000,24519,First Owner,9,110,Yamaha
8518,17998,34879,First Owner,10,125,Bajaj
8519,45000,25805,First Owner,5,150,Bajaj
8520,16000,27000,First Owner,16,100,Hero
8521,19500,20000,First Owner,13,135,Bajaj
8522,20000,20328,First Owner,12,125,Hero
8523,35000,20645,First Owner,8,150,Hero
8524,65000,13000,First Owner,8,200,Bajaj
8525,20000,36000,First Owner,14,223,Hero
8526,100000,13265,First Owner,4,350,Royal Enfield
8527,16600,8321,First Owner,12,150,Bajaj
8528,22000,33256,First Owner,12,150,Bajaj
8529,20000,30000,First Owner,11,110,Bajaj
8530,18000,41160,First Owner,14,150,TVS
8531,85000,40,First Owner,2,200,Hero
8532,70000,2200,First Owner,6,220,Bajaj
8533,20000,3712,First Owner,9,110,TVS
8534,60000,13608,First Owner,5,180,TVS
8535,48500,37000,First Owner,5,150,Bajaj
8540,41000,24000,First Owner,9,150,Hero
8541,25000,19225,First Owner,6,100,Bajaj
8542,30500,37000,First Owner,12,150,Yamaha
8543,66000,27942,First Owner,8,150,Yamaha
8544,36000,32231,First Owner,9,150,Yamaha
8545,29500,54000,First Owner,11,150,Yamaha
8546,230000,9000,First Owner,7,300,Kawasaki
8547,55000,12500,First Owner,5,220,Bajaj
8548,105900,29700,First Owner,6,350,Royal Enfield
8549,150100,22000,First Owner,6,390,KTM
8550,16000,80981,First Owner,12,125,Honda
8551,32000,68543,Third Owner,15,100,Hero
8552,27000,89454,Third Owner,17,125,Honda
8553,15000,72367,First Owner,15,180,Bajaj
8554,32000,17659,First Owner,9,223,Hero
8555,115000,23931,First Owner,4,400,Bajaj
8556,79900,8347,First Owner,4,200,Bajaj
8557,50000,40500,First Owner,5,160,Honda
8558,27500,40000,First Owner,9,220,Bajaj
8559,35000,4750,First Owner,9,150,Hero
8560,18000,30000,First Owner,15,100,Hero
8561,190000,4500,First Owner,5,390,KTM
8562,46000,9235,First Owner,3,110,TVS
8563,101001,28000,First Owner,8,500,Royal Enfield
8564,80000,28097,First Owner,10,350,Royal Enfield
8565,75000,22805,First Owner,8,350,Royal Enfield
8566,65000,39838,First Owner,20,350,Royal Enfield
8567,40000,8713,First Owner,5,135,Bajaj
8568,100000,17652,First Owner,5,200,Bajaj
8569,140000,400,First Owner,4,350,Royal Enfield
8570,281000,12000,First Owner,7,650,Hyosung
8571,50000,658,Second Owner,4,223,Hero
8572,72000,50,First Owner,4,150,Hero
8573,450000,2000,First Owner,5,750,Harley-Davidson
8574,28000,27555,First Owner,6,125,Bajaj
8575,62000,16030,First Owner,5,150,Bajaj
8576,459877,12118,First Owner,4,650,Kawasaki
8577,130000,12000,First Owner,12,350,Royal Enfield
8578,104000,16800,First Owner,6,200,KTM
8579,16580,62000,Second Owner,15,125,Hero
8580,25500,37827,First Owner,6,110,Mahindra
8581,12999,30000,Second Owner,13,100,Hero
8582,149000,2000,First Owner,6,500,Royal Enfield
8583,16000,19081,First Owner,12,110,TVS
8584,28000,31586,First Owner,8,150,Yamaha
8585,51200,19000,First Owner,7,220,Bajaj
8586,50000,30000,First Owner,7,220,Bajaj
8587,127300,1400,First Owner,5,350,Royal Enfield
8588,20000,25000,First Owner,7,125,Honda
8589,134100,2750,First Owner,4,350,Royal Enfield
8590,235000,3943,First Owner,5,320,Yamaha
8591,1450000,340,First Owner,3,1000,Yamaha
8592,157400,9500,First Owner,3,400,Bajaj
8595,95783,12975,First Owner,6,350,Royal Enfield
8596,90000,14300,First Owner,7,350,Royal Enfield
8597,90000,10000,First Owner,3,350,Royal Enfield
8598,120000,3689,First Owner,4,200,Bajaj
8599,55000,3000,First Owner,4,125,Honda
8600,55000,15200,First Owner,6,160,Honda
8601,85000,32894,First Owner,5,220,Bajaj
8602,22000,44944,First Owner,9,100,Bajaj
8603,80000,17000,Second Owner,8,350,Royal Enfield
8604,161793,2330,First Owner,4,500,Royal Enfield
8605,131500,4200,First Owner,4,350,Royal Enfield
8606,250430,4300,First Owner,3,390,KTM
8607,200000,10600,First Owner,5,320,Yamaha
8608,125000,5757,First Owner,5,300,Mahindra
8609,64000,5812,First Owner,5,150,Yamaha
8610,43000,70000,First Owner,11,223,Hero
8611,125000,20986,First Owner,4,350,Royal Enfield
8612,40000,40000,Second Owner,9,150,Bajaj
8613,35500,11000,Second Owner,6,150,Bajaj
8614,34500,22000,Third Owner,7,220,Bajaj
8615,83000,5000,First Owner,3,220,Bajaj
8616,20000,2562,First Owner,10,100,Hero
8617,39000,16000,First Owner,6,100,Hero
8618,17000,21243,First Owner,14,135,Bajaj
8619,40000,11500,First Owner,7,150,Bajaj
8620,19000,22783,First Owner,10,150,Yamaha
8621,15000,28000,First Owner,12,180,Bajaj
8622,56789,20000,First Owner,6,200,Bajaj
8623,90000,46588,Second Owner,7,350,Royal Enfield
8624,30000,41230,First Owner,10,100,Hero
8625,57000,23500,First Owner,5,150,Bajaj
8626,45000,32800,First Owner,7,150,Yamaha
8627,23300,32000,Second Owner,10,150,Bajaj
8628,65000,40000,First Owner,12,500,Royal Enfield
8629,21000,29057,First Owner,10,150,Bajaj
8630,35000,21124,First Owner,6,150,Yamaha
8631,400000,7400,First Owner,6,750,Harley-Davidson
8632,45900,40000,First Owner,6,160,Honda
8633,29000,57687,Second Owner,9,125,Honda
8634,22000,42300,First Owner,11,150,Bajaj
8635,21000,49309,First Owner,13,125,Yamaha
8636,27500,16930,First Owner,8,150,Yamaha
8637,799000,15000,First Owner,11,1000,Honda
8638,120000,28000,First Owner,6,500,Royal Enfield
8645,250000,2730,First Owner,2,390,KTM
8646,125000,18580,Third Owner,6,390,KTM
8649,45000,48206,First Owner,5,150,Suzuki
8650,20000,34623,Second Owner,7,180,Bajaj
8651,53300,19853,First Owner,5,150,Bajaj
8652,22100,21500,First Owner,9,150,Honda
8653,80000,15550,First Owner,3,160,Honda
8657,41000,12000,First Owner,4,135,Bajaj
8658,12000,81900,First Owner,16,150,Honda
8659,67000,40000,Second Owner,22,350,Royal Enfield
8660,180000,6900,First Owner,5,390,KTM
8661,135000,8823,First Owner,5,390,KTM
8663,421000,2400,Second Owner,7,883,Harley-Davidson
8664,16000,20000,First Owner,11,150,Yamaha
8665,30000,33000,First Owner,9,100,Hero
8666,30000,25528,First Owner,7,150,Bajaj
8667,35000,27000,First Owner,6,150,Bajaj
8668,35000,16695,First Owner,6,150,Bajaj
8669,10000,27228,First Owner,16,150,Bajaj
8670,100000,13190,First Owner,4,350,Royal Enfield
8673,50000,28332,First Owner,8,200,Bajaj
8674,80000,4500,First Owner,4,310,TVS
8675,120000,19000,First Owner,5,350,Royal Enfield
8676,92000,23569,Third Owner,7,500,Royal Enfield
8677,70000,28000,First Owner,4,200,Bajaj
8678,49000,36065,First Owner,5,200,Bajaj
8679,40000,25049,First Owner,8,110,Hero
8680,116800,17662,First Owner,5,350,Royal Enfield
8681,47000,17000,Second Owner,5,150,Bajaj
8682,120000,51791,First Owner,6,250,Hyosung
8683,20000,84384,First Owner,13,180,Bajaj
8684,141500,4285,First Owner,4,400,Bajaj
8685,16800,35000,Second Owner,13,100,Hero
8686,24200,30000,First Owner,9,150,Bajaj
8687,19800,35000,First Owner,12,150,Bajaj
8688,72000,28045,First Owner,5,220,Bajaj
8689,28000,109521,First Owner,10,150,Bajaj
8690,50000,23662,Second Owner,7,200,Bajaj
8691,120000,11786,First Owner,4,300,Mahindra
8692,31000,33548,First Owner,10,125,Hero
8693,142000,233,First Owner,2,250,Yamaha
8694,35000,36273,First Owner,8,150,Bajaj
8695,22000,47470,First Owner,13,100,Hero
8696,85000,8650,First Owner,6,150,Yamaha
8697,90000,179,Second Owner,5,200,Bajaj
8698,55000,17157,First Owner,5,150,Bajaj
8699,125000,8500,First Owner,5,200,Bajaj
8700,17500,31100,First Owner,15,100,Hero
8701,14000,30243,First Owner,13,100,Bajaj
8702,50000,11000,Second Owner,5,160,Honda
8703,22000,13416,First Owner,17,150,Honda
8704,125000,21000,First Owner,13,350,Royal Enfield
8705,18000,15372,First Owner,10,150,Yamaha
8706,17000,39500,First Owner,11,135,Bajaj
8707,17000,28408,First Owner,12,150,TVS
8708,90000,34548,First Owner,7,350,Royal Enfield
8709,83000,24800,First Owner,7,350,Royal Enfield
8710,30000,16000,First Owner,11,180,Bajaj
8711,125000,47757,First Owner,4,350,Royal Enfield
8714,51000,10800,First Owner,4,125,Honda
8715,17300,35000,First Owner,10,100,TVS
8719,65000,28300,First Owner,12,350,Royal Enfield
8720,33700,15000,First Owner,5,100,Hero
8721,85000,6500,First Owner,5,200,Bajaj
8722,30000,68000,First Owner,9,220,Bajaj
8728,18000,46300,First Owner,15,150,Bajaj
8729,20000,61991,First Owner,15,150,Bajaj
8731,80000,2000,First Owner,4,150,Bajaj
8732,22000,41214,First Owner,8,150,Bajaj
8740,100000,23378,First Owner,5,350,Royal Enfield
8741,135000,6850,First Owner,3,500,Royal Enfield
8742,95000,5000,Second Owner,4,200,Bajaj
8743,19500,20493,First Owner,15,125,Hero
8744,60000,19865,First Owner,4,220,Bajaj
8745,75000,22088,First Owner,8,200,KTM
8746,18000,23641,First Owner,10,135,Bajaj
8747,650000,1900,First Owner,5,883,Harley-Davidson
8748,33000,78000,First Owner,10,150,Honda
8749,52000,22000,First Owner,6,160,TVS
8750,80000,56478,First Owner,9,350,Royal Enfield
8751,55000,45000,First Owner,6,220,Bajaj
8752,88000,6151,First Owner,9,350,Royal Enfield
8753,99999,42303,Second Owner,26,350,Royal Enfield
8754,58600,10000,First Owner,5,220,Bajaj
8755,32000,39632,First Owner,6,150,Bajaj
8756,47500,50000,First Owner,23,135,Yamaha
8759,74000,8667,First Owner,3,160,TVS
8760,47500,12227,First Owner,6,150,Yamaha
8761,60000,13115,First Owner,6,150,Yamaha
8762,38000,35000,First Owner,6,100,Hero
8763,90000,9780,First Owner,4,250,Yamaha
8764,35000,49000,First Owner,7,150,Hero
8765,32000,18000,First Owner,9,223,Hero
8766,169999,11500,First Owner,5,500,Royal Enfield
8767,30000,23000,First Owner,7,125,Honda
8775,90000,8986,First Owner,7,250,Honda
8776,120000,3059,First Owner,6,250,Honda
8777,47500,12546,First Owner,5,125,Honda
8783,30000,80000,First Owner,10,150,Honda
8784,84000,7380,First Owner,5,220,Bajaj
8785,76900,12000,First Owner,5,220,Bajaj
8786,52000,16105,Second Owner,5,220,Bajaj
8787,65000,10330,First Owner,4,220,Bajaj
8788,24000,12714,First Owner,8,125,Bajaj
8790,70000,33144,First Owner,14,350,Royal Enfield
8791,21305,60000,Third Owner,11,220,Bajaj
8799,98000,4500,First Owner,3,200,TVS
8800,40000,28000,First Owner,9,150,Bajaj
8801,22500,17000,First Owner,13,110,Yamaha
8802,50000,22000,First Owner,6,200,Bajaj
8806,32000,60252,First Owner,10,150,Hero
8807,54000,20631,First Owner,12,350,Royal Enfield
8808,50000,35053,First Owner,5,150,Suzuki
8809,20000,43358,First Owner,10,100,Hero
8810,25000,53575,First Owner,11,125,Yamaha
8811,150000,6410,First Owner,4,350,Royal Enfield
8812,25000,15098,Second Owner,9,110,Honda
8813,130000,27370,First Owner,6,350,Royal Enfield
8814,23000,28795,First Owner,8,125,Honda
8815,52096,58870,Second Owner,9,150,Yamaha
8816,32000,22580,Second Owner,4,110,Mahindra
8817,40000,22295,First Owner,8,220,Bajaj
8818,120000,32814,Second Owner,8,500,Royal Enfield
8819,18500,68000,First Owner,12,135,Bajaj
8820,60000,15235,First Owner,5,150,Bajaj
8821,38000,48000,Second Owner,9,150,Yamaha
8822,110000,8736,First Owner,3,150,Yamaha
8823,105000,22253,Second Owner,6,500,Royal Enfield
8824,400000,18000,Second Owner,9,883,Harley-Davidson
8825,130000,18832,First Owner,4,350,Royal Enfield
8826,42000,13000,Second Owner,5,180,Bajaj
8827,73000,17250,First Owner,4,160,Honda
8828,39200,12000,First Owner,4,110,Hero
8829,70000,23463,First Owner,4,200,TVS
8830,150000,141644,First Owner,11,500,Royal Enfield
8831,31074,49100,First Owner,7,150,Bajaj
8832,20000,25000,First Owner,9,150,Yamaha
8833,125000,14480,First Owner,9,500,Royal Enfield
8834,125000,13000,First Owner,6,500,Royal Enfield
8835,45000,46000,First Owner,6,160,Honda
8836,170200,1000,First Owner,2,350,Royal Enfield
8837,50000,15032,First Owner,8,180,Bajaj
8838,30000,20500,First Owner,6,100,Hero
8839,160000,1754,First Owner,4,500,Royal Enfield
8840,75000,28366,First Owner,5,150,Honda
8841,40000,25010,First Owner,6,180,Bajaj
8842,45000,50000,First Owner,7,180,TVS
8843,215000,18277,First Owner,5,300,Benelli
8844,103300,20000,First Owner,6,200,Bajaj
8864,129600,4266,First Owner,3,150,Yamaha
8865,110000,35006,First Owner,5,500,Royal Enfield
8866,53000,15000,First Owner,6,220,Bajaj
8867,85000,37301,First Owner,6,200,Bajaj
8868,100000,17000,First Owner,5,350,Royal Enfield
8869,85000,18894,First Owner,11,350,Royal Enfield
8870,140900,29416,First Owner,5,390,KTM
8871,120000,6671,First Owner,3,250,Yamaha
8872,90000,15000,First Owner,4,200,Bajaj
8873,29000,48500,First Owner,10,200,Bajaj
8874,31000,61000,First Owner,7,150,Bajaj
8875,18000,2616,First Owner,12,110,Yamaha
8876,65000,18000,Third Owner,8,150,Yamaha
8877,42000,34502,Second Owner,7,220,Bajaj
8878,55000,13000,First Owner,5,220,Bajaj
8879,20000,29051,Second Owner,14,150,Bajaj
8880,81000,8759,First Owner,3,200,Bajaj
8881,60000,19351,First Owner,5,220,Bajaj
8882,27500,71496,First Owner,11,180,Bajaj
8883,120000,4442,First Owner,2,200,TVS
8884,45000,8161,First Owner,4,125,Hero
8906,35000,34400,First Owner,11,180,Bajaj
8907,145000,350,First Owner,4,200,Bajaj
8908,34000,40000,First Owner,9,125,Honda
8909,23000,34000,Second Owner,11,160,TVS
8910,55000,35000,First Owner,7,200,Bajaj
8911,18000,253621,First Owner,11,100,Hero
8912,16000,33474,First Owner,12,100,Hero
8913,25000,65000,First Owner,7,180,Bajaj
8914,90000,16000,First Owner,5,150,Yamaha
8915,36000,9131,First Owner,6,125,Bajaj
8916,25000,28000,First Owner,10,125,Honda
8917,50000,14818,First Owner,6,160,TVS
8918,22000,40328,First Owner,8,125,Bajaj
8919,78000,20880,First Owner,5,160,Honda
8920,80000,27428,First Owner,7,200,KTM
8921,110000,25232,First Owner,5,200,Bajaj
8922,15000,45000,Second Owner,13,135,Bajaj
8923,98000,23000,First Owner,7,350,Royal Enfield
8924,51000,23000,Second Owner,6,160,TVS
8925,16000,26512,Second Owner,16,100,Hero
8926,72000,36000,Second Owner,13,350,Royal Enfield
8927,25000,17100,Second Owner,8,100,Bajaj
8928,32000,41585,Second Owner,9,100,Bajaj
8929,30000,40000,Second Owner,5,125,Hero
8930,49000,40000,Second Owner,7,220,Bajaj
8931,65000,9870,First Owner,6,180,Bajaj
8932,90000,6000,First Owner,7,350,Royal Enfield
8933,21000,16000,First Owner,11,100,Hero
8934,33500,40000,First Owner,9,150,Yamaha
8935,46500,3500,First Owner,4,110,Honda
8936,29999,28000,First Owner,13,200,Bajaj
8937,58100,16000,First Owner,5,150,Bajaj
8938,22000,16000,First Owner,9,125,Honda
8939,17000,84559,First Owner,16,100,Hero
8940,22000,21049,First Owner,12,100,Hero
8941,15500,51000,First Owner,15,100,Hero
8942,20000,39727,First Owner,8,100,Bajaj
8943,20000,16036,First Owner,7,100,Bajaj
8944,38000,11544,First Owner,9,220,Bajaj
8945,18000,34589,First Owner,9,125,Bajaj
8946,15000,48283,First Owner,15,150,Bajaj
8947,16000,24500,First Owner,9,100,Bajaj
8948,100000,18300,First Owner,8,500,Royal Enfield
8949,17000,35382,First Owner,17,100,Hero
8950,29500,24000,First Owner,6,110,Mahindra
8951,90000,5026,First Owner,5,200,Bajaj
8952,32000,40000,First Owner,10,150,Bajaj
8953,18000,45000,First Owner,13,150,Bajaj
8954,80000,12000,First Owner,5,200,TVS
8955,125000,35000,First Owner,9,250,Honda
8956,74000,856,First Owner,4,150,Bajaj
8957,24000,16138,First Owner,7,100,Hero
8958,24000,13654,First Owner,7,100,Hero
8959,22000,9063,First Owner,10,100,Hero
8960,54000,17000,First Owner,5,125,Honda
8961,65000,22000,First Owner,10,150,Yamaha
8962,32000,20000,First Owner,7,100,Hero
8963,108000,13400,First Owner,6,200,Bajaj
8964,32999,28000,First Owner,8,150,Bajaj
8965,30000,49000,First Owner,11,100,Hero
8966,175000,6800,First Owner,5,390,KTM
8967,15000,74999,First Owner,12,125,Honda
8968,34000,34733,First Owner,11,200,Bajaj
8969,28000,25999,First Owner,6,110,TVS
8970,37000,22500,First Owner,10,223,Hero
8971,150000,9800,First Owner,5,200,KTM
8972,25000,9000,First Owner,11,100,Hero
8973,25000,10000,First Owner,7,110,Suzuki
8974,165000,26000,First Owner,5,390,KTM
8975,105000,5400,First Owner,4,200,TVS
8976,125000,4500,First Owner,7,390,KTM
8977,23000,36105,First Owner,8,100,Bajaj
8978,17000,14821,First Owner,9,100,Bajaj
8979,70000,4900,First Owner,5,150,Bajaj
8980,75000,7500,First Owner,5,220,Bajaj
8981,55000,18000,First Owner,6,220,Bajaj
8982,25000,38000,First Owner,7,150,Bajaj
8983,58000,6000,First Owner,5,150,Suzuki
8984,140000,11100,First Owner,6,390,KTM
8985,30000,6000,First Owner,8,100,Hero
8986,40000,11572,First Owner,6,110,Mahindra
8987,53000,20000,First Owner,6,150,Bajaj
8988,17500,50000,First Owner,11,100,Bajaj
8989,20000,2000,First Owner,12,125,Bajaj
8990,32000,16800,First Owner,9,100,Bajaj
8991,25000,36400,First Owner,16,125,Honda
8992,21000,70600,First Owner,25,100,Hero
8993,53000,23890,First Owner,7,150,Bajaj
8994,21500,24634,First Owner,11,100,Hero
8995,22000,43000,First Owner,10,100,Hero
8996,90000,12000,First Owner,6,350,Royal Enfield
8997,24000,266028,First Owner,10,160,TVS
8998,55000,379,First Owner,4,125,Hero
8999,65000,25000,First Owner,7,220,Bajaj
9000,95000,5500,First Owner,5,150,Yamaha
9001,125000,13500,First Owner,7,500,Royal Enfield
9002,38000,19000,First Owner,7,150,Bajaj
9003,35000,25000,First Owner,6,125,Honda
9004,34000,12525,First Owner,8,100,Hero
9005,52000,16016,First Owner,6,150,Bajaj
9006,53000,12431,First Owner,5,150,Bajaj
9007,65000,29359,First Owner,18,350,Royal Enfield
9008,20000,28054,First Owner,13,150,Bajaj
9009,60000,14000,First Owner,5,150,Bajaj
9010,99500,20000,First Owner,7,350,Royal Enfield
9011,150000,4900,First Owner,5,200,KTM
9012,115000,19000,First Owner,6,350,Royal Enfield
9013,35000,20000,First Owner,16,125,Honda
9014,15000,61200,First Owner,12,100,Bajaj
9015,24500,29407,First Owner,11,100,Hero
9016,28500,13608,First Owner,8,100,Hero
9017,52000,10065,First Owner,6,180,Bajaj
9018,70000,12600,First Owner,5,150,Bajaj
9019,28000,40543,First Owner,12,100,Hero
9020,80000,14000,First Owner,12,350,Royal Enfield
9021,130000,16000,First Owner,6,200,KTM
9022,65000,10000,First Owner,5,150,Bajaj
9023,20000,55000,First Owner,17,100,Hero
9024,84000,73,First Owner,4,150,Bajaj
9025,40000,5000,First Owner,6,125,Suzuki
9026,17500,54345,Second Owner,10,100,Bajaj
9027,36000,14500,Second Owner,8,150,Yamaha
9028,23000,2009,Fourth Owner Or More,12,100,Hero
9029,14000,50000,Second Owner,19,100,Hero
9030,16500,45000,First Owner,11,110,Honda
9031,22000,15000,First Owner,13,100,Hero
9032,21101,20000,First Owner,24,100,Hero
9033,20000,33150,First Owner,5,100,Bajaj
9034,95000,20000,First Owner,6,200,KTM
9035,22000,20700,Second Owner,11,180,Bajaj
9036,22000,10000,First Owner,8,100,Bajaj
9070,140000,2600,First Owner,6,200,KTM
9071,44000,15500,First Owner,6,100,Hero
9072,41000,13800,First Owner,5,125,Hero
9073,17000,30700,First Owner,13,100,Hero
9074,19000,35000,First Owner,9,100,Hero
9075,18000,70000,First Owner,17,100,Hero
9076,16000,53520,First Owner,9,110,TVS
9077,25000,51697,First Owner,8,100,Bajaj
9078,28000,23690,First Owner,8,100,Hero
9079,26000,28000,First Owner,9,100,Hero
9080,22000,38074,First Owner,8,150,Hero
9081,18000,93901,First Owner,8,100,Bajaj
9082,21000,97000,First Owner,11,150,Honda
9083,32000,45000,First Owner,7,100,Hero
9084,18000,92466,First Owner,9,110,TVS
9085,21000,91311,First Owner,11,150,Honda
9087,30000,53000,First Owner,10,100,Hero
9088,22000,17308,First Owner,10,100,Hero
9089,17500,54889,First Owner,12,135,Bajaj
9090,30000,18500,First Owner,9,100,Bajaj
9091,16000,20238,First Owner,10,110,TVS
9092,37000,14993,First Owner,6,125,Honda
9093,20000,14423,First Owner,10,100,Hero
9094,45000,8903,First Owner,8,220,Bajaj
9095,35000,36283,First Owner,7,100,Hero
9096,30000,45991,First Owner,7,125,Honda
9097,22000,51940,First Owner,9,100,Hero
9098,18000,50000,First Owner,11,100,Hero
9099,26000,81414,First Owner,7,100,Hero
9100,20000,2584,First Owner,11,100,Hero
9101,22000,62867,First Owner,9,135,Bajaj
9138,25000,3762,First Owner,10,100,Hero
9139,50000,32461,First Owner,6,150,Yamaha
9140,20000,78394,First Owner,10,100,Hero
9141,30000,17203,First Owner,6,110,Bajaj
9142,22000,40000,First Owner,8,125,Bajaj
9143,15000,39888,First Owner,12,110,TVS
9144,25000,30000,First Owner,25,100,Hero
9145,18500,32000,First Owner,20,100,Hero
9146,18000,20313,First Owner,15,100,Hero
9147,20000,12000,First Owner,13,100,Hero
9148,22000,22000,First Owner,13,223,Hero
9149,27000,13299,First Owner,8,125,Bajaj
9150,23000,40000,First Owner,24,100,Hero
9151,21000,21985,First Owner,13,135,Bajaj
9152,38000,40826,First Owner,8,150,Yamaha
9153,26000,5451,First Owner,9,110,Bajaj
9154,23000,38000,First Owner,25,100,Hero
9155,14000,17602,First Owner,13,110,TVS
9156,18000,38000,First Owner,11,100,Hero
9157,32000,17870,First Owner,7,110,TVS
9158,18000,13673,First Owner,7,110,TVS
9159,28000,24434,First Owner,9,100,Hero
9160,20000,654984,First Owner,10,125,Honda
9161,41000,8000,First Owner,6,110,Mahindra
9176,22000,28000,First Owner,8,110,Mahindra
9177,20000,50000,First Owner,12,100,Hero
9178,35000,39000,First Owner,12,150,Hero
9179,55000,20000,First Owner,7,150,Bajaj
9180,109100,21200,First Owner,7,350,Royal Enfield
9181,60350,26381,First Owner,9,350,Royal Enfield
9182,47000,60045,First Owner,12,350,Royal Enfield
9183,35800,90408,Third Owner,18,350,Royal Enfield
9184,125000,17512,First Owner,5,250,Benelli
9185,163500,13900,Second Owner,3,500,Royal Enfield
9186,45000,30,Second Owner,7,200,Bajaj
9187,520000,399,First Owner,2,750,Harley-Davidson
9188,304952,13000,Second Owner,7,650,Hyosung
9189,20000,15906,First Owner,10,100,Hero
9190,57000,15000,First Owner,7,180,Bajaj
9191,60000,28000,First Owner,9,150,Yamaha
9192,60000,20482,Second Owner,4,160,TVS
9193,16000,23105,First Owner,15,100,Hero
9194,5000,82178,First Owner,18,135,Hero
9195,70000,49347,First Owner,9,200,KTM
9196,116900,25362,Second Owner,6,500,Royal Enfield
9198,83800,21540,Second Owner,10,350,Royal Enfield
9199,58000,18000,First Owner,9,150,Bajaj
9200,55000,25000,First Owner,8,150,Honda
9201,15000,70000,First Owner,16,150,Bajaj
9202,32000,90000,First Owner,5,100,Bajaj
9203,90000,44000,First Owner,10,350,Royal Enfield
9204,51900,26000,First Owner,7,220,Bajaj
9205,31000,58000,First Owner,10,150,Yamaha
9206,28100,29000,First Owner,8,100,Bajaj
9207,110000,25000,First Owner,8,350,Royal Enfield
9208,20500,48000,First Owner,13,150,Honda
9209,25000,27000,First Owner,8,110,Honda
9210,24990,39000,First Owner,10,125,Honda
9211,120500,12550,First Owner,6,350,Royal Enfield
9212,22000,55000,First Owner,14,150,Hero
9213,72100,22000,First Owner,5,150,Bajaj
9234,46000,9000,First Owner,5,110,Honda
9235,150000,5400,First Owner,8,350,Royal Enfield
9236,95000,22000,First Owner,8,350,Royal Enfield
9237,62000,30000,First Owner,5,150,Bajaj
9238,26000,41000,First Owner,10,100,Hero
9239,35000,14992,First Owner,8,110,Honda
9240,96000,23000,First Owner,6,150,Yamaha
9241,140000,8500,First Owner,5,500,Royal Enfield
9242,66000,59794,First Owner,9,150,Yamaha
9243,22000,30000,First Owner,14,150,Bajaj
9244,36995,16838,First Owner,6,100,Hero
9245,105000,14779,First Owner,4,350,Royal Enfield
9246,30000,33849,First Owner,12,150,Hero
9247,70000,4116,First Owner,3,160,TVS
9248,29500,115152,First Owner,8,150,Bajaj
9249,70000,23000,First Owner,5,200,Bajaj
9250,80000,8000,First Owner,10,250,Honda
9251,150000,84625,First Owner,8,500,Royal Enfield
9252,100000,15078,First Owner,7,350,Royal Enfield
9253,45000,35038,First Owner,7,223,Hero
9254,105000,15008,First Owner,9,500,Royal Enfield
9255,135000,1050,First Owner,3,125,KTM
9256,95000,25000,First Owner,6,200,Bajaj
9257,95000,16725,First Owner,5,200,Bajaj
9258,65000,18000,First Owner,6,160,Honda
9259,37000,8030,First Owner,4,110,Yamaha
9260,120000,14000,Second Owner,4,250,Honda
9261,146006,8575,First Owner,4,500,Royal Enfield
9274,511000,10400,First Owner,8,883,Harley-Davidson
9275,20000,20003,First Owner,10,100,Hero
9280,50000,7500,First Owner,5,110,Hero
9281,63000,19100,First Owner,5,150,Suzuki
9282,139100,25500,First Owner,5,390,KTM
9283,120000,5600,First Owner,4,200,Bajaj
9284,115800,2126,First Owner,3,250,Yamaha
9306,60000,4150,First Owner,6,150,Bajaj
9307,30000,30000,First Owner,10,160,TVS
9312,65450,9238,First Owner,3,200,TVS
9313,42000,16539,First Owner,5,150,Bajaj
9314,26000,70000,First Owner,11,150,Bajaj
9315,20000,5000,First Owner,10,100,Hero
9316,37000,28478,First Owner,5,125,Hero
9317,50000,16674,First Owner,4,150,Bajaj
9318,37000,77596,First Owner,8,150,Yamaha
9319,100000,25000,First Owner,10,350,Royal Enfield
9320,20000,84916,First Owner,14,150,TVS
9321,25000,80517,First Owner,9,100,Bajaj
9322,58000,4020,First Owner,2,110,TVS
9336,220000,7130,First Owner,5,320,Yamaha
9337,120000,8492,First Owner,5,410,Royal Enfield
9338,138000,5000,First Owner,5,410,Royal Enfield
9339,11400,20000,Second Owner,17,100,Hero
9340,34400,24513,Second Owner,8,150,Honda
9341,25000,11122,First Owner,11,100,Hero
9342,55000,6138,First Owner,4,150,Yamaha
9343,24000,68000,First Owner,14,100,Hero
9344,80000,56968,First Owner,8,350,Royal Enfield
9345,78000,7500,First Owner,3,150,Yamaha
9346,61483,28032,First Owner,7,150,Honda
9347,14000,39211,First Owner,16,125,Bajaj
9348,195000,4568,First Owner,4,390,KTM
9349,55000,10000,First Owner,6,180,Bajaj
9350,46000,27687,Third Owner,9,200,Bajaj
9360,48000,41939,First Owner,8,200,Bajaj
9361,50000,29134,First Owner,7,220,Bajaj
9362,25000,48587,First Owner,8,150,Hero
9369,35000,60000,First Owner,9,220,Bajaj
9370,450000,3430,First Owner,4,750,Harley-Davidson
9371,139000,21300,First Owner,4,400,Bajaj
9372,80000,7127,First Owner,5,220,Bajaj
